occurrence_date,offense,borough,precinct,latitude,longitude,sector,jurisdiction,compstat_date,object_id,identifier,xcoord,ycoord
2010-01-01T00:00:00,RAPE,BROOKLYN,75,40.671106911,-73.881432957,J,N.Y. POLICE DEPT,2012-04-12:00:00 AMow,565904,b6cd6383,1017141,183798
2010-01-01T00:00:00,GRAND LARCENY,MANHATTAN,1,40.7255088910001,-74.0021084219999,H,N.Y. POLICE DEPT,2010-02-12:00:00 AMow,565905,dcab3970,983666,203596
2010-01-01T00:00:00,GRAND LARCENY,MANHATTAN,10,40.7509362280001,-74.0040437649999,D,N.Y. POLICE DEPT,2010-09-12:00:00 AMow,565906,aac022a8,983130,212860
2010-01-01T00:00:00,GRAND LARCENY,MANHATTAN,19,40.768459916,-73.959647081,G,N.Y. POLICE DEPT,2010-11-12:00:00 AMow,566212,7b06ded8,995428,219247
2010-01-01T00:00:00,GRAND LARCENY,BRONX,49,40.8529079510001,-73.857302161,B,N.Y. POLICE DEPT,2012-04-12:00:00 AMow,566213,dd972b5b,1023727,250044
2010-01-01T00:00:00,GRAND LARCENY,BRONX,49,40.864210277,-73.8548086169999,F,N.Y. POLICE DEPT,2010-07-12:00:00 AMow,566214,37fb6ebf,1024410,254163
2010-01-01T00:00:00,GRAND LARCENY,BRONX,50,40.886557845,-73.912158496,H,N.Y. POLICE DEPT,2011-01-12:00:00 AMow,566215,970ac781,1008539,262284
2010-01-01T00:01:00,RAPE,STATEN ISLAND,122,40.5738496490001,-74.105496156,D,N.Y. POLICE DEPT,2012-05-12:00:00 AMow,566216,920814b1,954943,148360
2010-01-01T00:01:00,GRAND LARCENY,BROOKLYN,62,40.5977508060001,-73.976725029,B,N.Y. POLICE DEPT,2010-04-12:00:00 AMow,566217,647ce704,990714,157051
2010-01-01T00:01:00,RAPE,BROOKLYN,62,40.602603179,-74.0030876609999,F,N.Y. POLICE DEPT,2015-04-12:00:00 AMow,566218,68e7c563,983393,158818
2010-01-01T00:01:00,GRAND LARCENY,BROOKLYN,70,40.6388673860001,-73.9564069429999,H,N.Y. POLICE DEPT,2011-02-12:00:00 AMow,566219,626c1722,996349,172033
2010-01-01T00:01:00,GRAND LARCENY,BROOKLYN,72,40.639198353,-74.016467914,H,N.Y. POLICE DEPT,2010-09-12:00:00 AMow,566220,8289b186,979680,172151
2010-01-01T00:01:00,RAPE,BROOKLYN,67,40.648650085,-73.950335563,D,N.Y. POLICE DEPT,2014-03-12:00:00 AMow,566221,c3999295,998032,175598
2010-01-01T00:01:00,GRAND LARCENY,BROOKLYN,66,40.642829971,-73.985497907,K,N.Y. POLICE DEPT,2010-11-12:00:00 AMow,566222,c4aadc86,988275,173474
2010-01-01T00:01:00,GRAND LARCENY,BROOKLYN,72,40.645918695,-74.004102259,E,N.Y. POLICE DEPT,2010-07-12:00:00 AMow,566223,8ceec756,983112,174599
2010-01-01T00:01:00,GRAND LARCENY,BROOKLYN,75,40.6480676680001,-73.881884715,N,N.Y. POLICE DEPT,2011-06-12:00:00 AMow,566224,763a99ba,1017027,175404
2010-01-01T00:01:00,GRAND LARCENY,BROOKLYN,72,40.650197914,-73.974994948,A,N.Y. POLICE DEPT,2010-04-12:00:00 AMow,566225,12575abf,991189,176159
2010-01-01T00:01:00,GRAND LARCENY,QUEENS,105,40.652948845,-73.7465345479999,B,N.Y. POLICE DEPT,2015-12-12:00:00 AMow,566226,19bc281f,1054581,177262
2010-01-01T00:01:00,RAPE,BROOKLYN,67,40.648650085,-73.950335563,H,N.Y. POLICE DEPT,2010-09-12:00:00 AMow,566227,ba60f164,998032,175598
2010-01-01T00:01:00,GRAND LARCENY,BROOKLYN,71,40.658605833,-73.9452173729999,J,N.Y. POLICE DEPT,2012-02-12:00:00 AMow,566228,e0901a8f,999450,179226
2010-01-01T00:01:00,RAPE,QUEENS,106,40.6821864010001,-73.839690483,J,N.Y. POLICE DEPT,2014-07-12:00:00 AMow,566229,62761559,1028713,187853
2010-01-01T00:01:00,GRAND LARCENY,BROOKLYN,73,40.6731649180001,-73.9077674599999,H,N.Y. HOUSING POLICE,2015-11-12:00:00 AMow,566230,65b6487b,1009835,184539
2010-01-01T00:01:00,RAPE,QUEENS,106,40.6821864010001,-73.839690483,E,N.Y. POLICE DEPT,2014-01-12:00:00 AMow,566231,16e00940,1028713,187853
2010-01-01T00:01:00,RAPE,BROOKLYN,79,40.688872153,-73.9445290319999,H,N.Y. POLICE DEPT,2010-04-12:00:00 AMow,566232,cd22fc35,999634,190253
2010-01-01T00:01:00,GRAND LARCENY,BROOKLYN,81,40.692068798,-73.932370464,C,N.Y. POLICE DEPT,2015-08-12:00:00 AMow,566531,37116d50,1003005,191420
2010-01-01T00:01:00,GRAND LARCENY,BROOKLYN,79,40.6929919930001,-73.9504107179999,J,N.Y. POLICE DEPT,2015-03-12:00:00 AMow,566532,550e7246,998002,191753
2010-01-01T00:01:00,RAPE,QUEENS,102,40.6987367730001,-73.831568765,I,N.Y. POLICE DEPT,2014-02-12:00:00 AMow,566533,b5354dbf,1030954,193887
2010-01-01T00:01:00,GRAND LARCENY,QUEENS,102,40.6976260810001,-73.836021784,H,N.Y. POLICE DEPT,2011-08-12:00:00 AMow,566534,23db6d5d,1029720,193480
2010-01-01T00:01:00,RAPE,BROOKLYN,83,40.697963515,-73.9180833619999,J,N.Y. POLICE DEPT,2011-09-12:00:00 AMow,566535,13acdeb0,1006965,193571
2010-01-01T00:01:00,RAPE,MANHATTAN,9,40.726554019,-73.987828427,A,N.Y. POLICE DEPT,2012-06-12:00:00 AMow,566536,40de872,987624,203977
2010-01-01T00:01:00,BURGLARY,BROOKLYN,94,40.7307071650001,-73.9489971369999,C,N.Y. POLICE DEPT,2010-07-12:00:00 AMow,566537,67e8fda9,998386,205494
2010-01-01T00:01:00,GRAND LARCENY,QUEENS,107,40.730573285,-73.8188851529999,E,N.Y. POLICE DEPT,2013-04-12:00:00 AMow,566538,fb76812a,1034447,205493
2010-01-01T00:01:00,GRAND LARCENY,QUEENS,108,40.736591451,-73.932134028,E,N.Y. POLICE DEPT,2010-01-12:00:00 AMow,566539,4b98c4ed,1003058,207641
2010-01-01T00:01:00,GRAND LARCENY,MANHATTAN,13,40.7443073160001,-73.9902178519999,I,N.Y. POLICE DEPT,2010-07-12:00:00 AMow,566540,911fc0f3,986961,210445
2010-01-01T00:01:00,GRAND LARCENY,QUEENS,110,40.746249764,-73.883525955,A,N.Y. POLICE DEPT,2013-02-12:00:00 AMow,566541,f62a8c49,1016524,211174
2010-01-01T00:01:00,RAPE,QUEENS,110,40.7452527410001,-73.87006287,D,N.Y. POLICE DEPT,2010-08-12:00:00 AMow,566542,32da86f7,1020255,210816
2010-01-01T00:01:00,RAPE,QUEENS,115,40.756860977,-73.875656664,I,N.Y. POLICE DEPT,2011-03-12:00:00 AMow,566543,f45621be,1018699,215043
2010-01-01T00:01:00,GRAND LARCENY,MANHATTAN,18,40.7647199690001,-73.989915229,J,N.Y. POLICE DEPT,2010-05-12:00:00 AMow,566544,55fbd5eb,987044,217882
2010-01-01T00:01:00,GRAND LARCENY,BRONX,40,40.8024840910001,-73.9078844639999,B,N.Y. POLICE DEPT,2010-03-12:00:00 AMow,566545,8b0c2087,1009753,231654
2010-01-01T00:01:00,GRAND LARCENY,BRONX,43,40.816090247,-73.861734468,A,N.Y. POLICE DEPT,2012-01-12:00:00 AMow,566546,7f9c404a,1022522,236628
2010-01-01T00:01:00,RAPE,BRONX,43,40.823101299,-73.8696904609999,B,N.Y. HOUSING POLICE,2014-03-12:00:00 AMow,566547,1958c52d,1020316,239179
2010-01-01T00:01:00,RAPE,BRONX,40,40.8103960190001,-73.9253107449999,G,N.Y. HOUSING POLICE,2015-11-12:00:00 AMow,566548,7fd27b86,1004926,234532
2010-01-01T00:01:00,RAPE,BRONX,43,40.823101299,-73.8696904609999,F,N.Y. HOUSING POLICE,2010-01-12:00:00 AMow,566549,beb4c49c,1020316,239179
2010-01-01T00:01:00,GRAND LARCENY,MANHATTAN,30,40.825817778,-73.9489748249999,D,N.Y. POLICE DEPT,2010-01-12:00:00 AMow,566550,17540d05,998372,240146
2010-01-01T00:01:00,GRAND LARCENY,BRONX,44,40.826284877,-73.9207076339999,G,N.Y. POLICE DEPT,2014-07-12:00:00 AMow,566855,d46658e7,1006195,240322
2010-01-01T00:01:00,GRAND LARCENY,BRONX,43,40.8316777470001,-73.8446675879999,G,POLICE DEPT NYC,2011-03-12:00:00 AMow,566856,5cdd5254,1027236,242315
2010-01-01T00:01:00,GRAND LARCENY,BRONX,43,40.834450114,-73.86677001,I,N.Y. POLICE DEPT,2011-02-12:00:00 AMow,566857,d25255b7,1021118,243315
2010-01-01T00:01:00,RAPE,MANHATTAN,34,40.8514877740001,-73.9354579669999,A,N.Y. POLICE DEPT,2013-01-12:00:00 AMow,566858,93fe2e66,1002106,249501
2010-01-01T00:01:00,GRAND LARCENY,MANHATTAN,34,40.849587813,-73.9343501389999,A,N.Y. POLICE DEPT,2011-01-12:00:00 AMow,566859,7290eacb,1002413,248809
2010-01-01T00:01:00,RAPE,BRONX,46,40.853960274,-73.900120875,M,N.Y. POLICE DEPT,2010-05-12:00:00 AMow,566860,50422e4,1011881,250411
2010-01-01T00:01:00,RAPE,BRONX,46,40.853960274,-73.900120875,G,N.Y. POLICE DEPT,2010-06-12:00:00 AMow,566861,4d984ddf,1011881,250411
2010-01-01T00:01:00,GRAND LARCENY,BRONX,45,40.878622771,-73.8306972199999,J,N.Y. POLICE DEPT,2010-01-12:00:00 AMow,566862,9fa8636e,1031069,259426
2010-01-01T00:10:00,ROBBERY,MANHATTAN,23,40.795121785,-73.945159213,E,N.Y. POLICE DEPT,2010-01-12:00:00 AMow,566863,b90cf704,999435,228963
2010-01-01T00:15:00,GRAND LARCENY,MANHATTAN,10,40.7428336580001,-74.005703308,C,N.Y. POLICE DEPT,2010-01-12:00:00 AMow,566864,54cc1f20,982670,209908
2010-01-01T00:30:00,GRAND LARCENY OF MOTOR VEHICLE,QUEENS,113,40.6950207250001,-73.750200784,N,N.Y. POLICE DEPT,2010-01-12:00:00 AMow,566865,9c4409d1,1053520,192587
2010-01-01T00:30:00,ROBBERY,QUEENS,114,40.76484893,-73.908712658,D,N.Y. POLICE DEPT,2010-01-12:00:00 AMow,566866,5b9c02ce,1009538,217942
2010-01-01T00:30:00,FELONY ASSAULT,MANHATTAN,32,40.825908155,-73.93742672,N,N.Y. POLICE DEPT,2010-01-12:00:00 AMow,566867,256bd57f,1001568,240181
2010-01-01T00:40:00,ROBBERY,BROOKLYN,73,40.6692364780001,-73.921687386,C,N.Y. POLICE DEPT,2010-01-12:00:00 AMow,566868,aa2b90cb,1005975,183104
2010-01-01T00:40:00,FELONY ASSAULT,BROOKLYN,94,40.727537559,-73.944341707,B,N.Y. POLICE DEPT,2010-01-12:00:00 AMow,566869,e1a54689,999677,204340
2010-01-01T00:40:00,FELONY ASSAULT,MANHATTAN,20,40.782085092,-73.982820795,E,N.Y. POLICE DEPT,2010-01-12:00:00 AMow,566870,504619be,989008,224209
2010-01-01T00:45:00,ROBBERY,BROOKLYN,71,40.6650226890001,-73.9571107629999,A,N.Y. POLICE DEPT,2010-01-12:00:00 AMow,566871,c23762cb,996149,181562
2010-01-01T00:45:00,GRAND LARCENY OF MOTOR VEHICLE,QUEENS,114,40.762307128,-73.905106314,A,N.Y. POLICE DEPT,2010-01-12:00:00 AMow,566872,40ffba92,1010538,217017
2010-01-01T00:50:00,ROBBERY,BROOKLYN,67,40.65388611,-73.9544978439999,A,N.Y. POLICE DEPT,2010-01-12:00:00 AMow,566873,ad3bff9,996876,177505
2010-01-01T00:53:00,FELONY ASSAULT,BROOKLYN,70,40.6313067930001,-73.968848543,E,N.Y. POLICE DEPT,2010-01-12:00:00 AMow,566874,ffed9cc5,992897,169277
2010-01-01T01:00:00,RAPE,QUEENS,101,40.6029515910001,-73.749976261,F,N.Y. POLICE DEPT,2010-01-12:00:00 AMow,566875,273e7119,1053678,159044
2010-01-01T01:00:00,FELONY ASSAULT,BROOKLYN,83,40.706661384,-73.921596532,J,N.Y. POLICE DEPT,2010-01-12:00:00 AMow,567177,533b1f65,1005988,196739
2010-01-01T01:00:00,GRAND LARCENY,BROOKLYN,94,40.7172055390001,-73.955215776,H,N.Y. POLICE DEPT,2010-01-12:00:00 AMow,567178,2af9952c,996665,200574
2010-01-01T01:00:00,GRAND LARCENY,MANHATTAN,6,40.728615975,-74.0000591749999,A,N.Y. POLICE DEPT,2010-01-12:00:00 AMow,567179,6a143807,984234,204728
2010-01-01T01:00:00,GRAND LARCENY,MANHATTAN,18,40.759913549,-73.986291821,F,N.Y. POLICE DEPT,2010-02-12:00:00 AMow,567180,ad636b49,988048,216131
2010-01-01T01:00:00,ROBBERY,MANHATTAN,24,40.8025328780001,-73.967847357,K,N.Y. POLICE DEPT,2010-01-12:00:00 AMow,567181,16a39029,993152,231660
2010-01-01T01:00:00,GRAND LARCENY,MANHATTAN,34,40.8609283160001,-73.920308429,C,N.Y. POLICE DEPT,2010-01-12:00:00 AMow,567182,354edb8d,1006294,252944
2010-01-01T01:10:00,FELONY ASSAULT,BROOKLYN,73,40.6670361480001,-73.908168844,I,N.Y. HOUSING POLICE,2010-01-12:00:00 AMow,567183,660ffac4,1009726,182306
2010-01-01T01:10:00,GRAND LARCENY,QUEENS,114,40.7669031130001,-73.921392044,F,N.Y. TRANSIT POLICE,2010-01-12:00:00 AMow,567184,881f35e2,1006025,218687
2010-01-01T01:15:00,GRAND LARCENY,MANHATTAN,10,40.7515538120001,-74.003589037,D,N.Y. POLICE DEPT,2010-01-12:00:00 AMow,567185,db8cea80,983256,213085
2010-01-01T01:15:00,GRAND LARCENY,MANHATTAN,19,40.7768849550001,-73.9493733799999,J,N.Y. POLICE DEPT,2010-01-12:00:00 AMow,567186,6ad4e561,998272,222318
2010-01-01T01:20:00,ROBBERY,BROOKLYN,73,40.667789106,-73.905871605,I,N.Y. HOUSING POLICE,2010-01-12:00:00 AMow,567187,fea48415,1010363,182581
2010-01-01T01:20:00,GRAND LARCENY,QUEENS,112,40.718658885,-73.83770523,A,N.Y. TRANSIT POLICE,2010-01-12:00:00 AMow,567188,9c3a2dd,1029239,201142
2010-01-01T01:20:00,GRAND LARCENY,MANHATTAN,18,40.756324836,-73.9777633049999,A,N.Y. POLICE DEPT,2010-01-12:00:00 AMow,567189,c80c6f89,990411,214824
2010-01-01T01:25:00,FELONY ASSAULT,BROOKLYN,77,40.67514937,-73.9226357969999,K,N.Y. HOUSING POLICE,2010-01-12:00:00 AMow,567190,ebb6a0f6,1005710,185258
2010-01-01T01:30:00,FELONY ASSAULT,QUEENS,113,40.697849584,-73.773595394,I,N.Y. POLICE DEPT,2010-01-12:00:00 AMow,567191,4d77a20c,1047030,193600
2010-01-01T01:30:00,GRAND LARCENY OF MOTOR VEHICLE,QUEENS,104,40.7030392560001,-73.908061545,E,N.Y. POLICE DEPT,2010-01-12:00:00 AMow,567192,3a0be78b,1009742,195423
2010-01-01T01:30:00,GRAND LARCENY,MANHATTAN,6,40.739161316,-74.0011056719999,G,N.Y. POLICE DEPT,2011-01-12:00:00 AMow,567193,718fabdf,983944,208570
2010-01-01T01:30:00,GRAND LARCENY,MANHATTAN,10,40.7470742450001,-74.006681709,D,N.Y. POLICE DEPT,2010-01-12:00:00 AMow,567194,1904be2b,982399,211453
2010-01-01T01:30:00,GRAND LARCENY,MANHATTAN,18,40.7680019810001,-73.983791944,H,N.Y. POLICE DEPT,2011-01-12:00:00 AMow,567195,db5d4a11,988740,219078
2010-01-01T01:30:00,ROBBERY,MANHATTAN,23,40.7854203420001,-73.947709405,B,N.Y. HOUSING POLICE,2010-01-12:00:00 AMow,567196,b2c2b14,998731,225428
2010-01-01T01:30:00,ROBBERY,MANHATTAN,32,40.814588674,-73.947950212,H,N.Y. POLICE DEPT,2010-01-12:00:00 AMow,567495,ba3e7216,998658,236055
2010-01-01T01:30:00,FELONY ASSAULT,BRONX,47,40.87923333,-73.851532098,C,N.Y. POLICE DEPT,2010-01-12:00:00 AMow,567496,2e08ae16,1025307,259638
2010-01-01T01:30:00,GRAND LARCENY,BRONX,50,40.882821505,-73.894772299,A,N.Y. POLICE DEPT,2010-01-12:00:00 AMow,567497,a1f6de4a,1013348,260928
2010-01-01T02:00:00,RAPE,STATEN ISLAND,122,40.5738496490001,-74.105496156,K,N.Y. POLICE DEPT,2010-01-12:00:00 AMow,567498,9bc88424,954943,148360
2010-01-01T02:00:00,BURGLARY,BROOKLYN,83,40.686874045,-73.9135176899999,B,N.Y. POLICE DEPT,2010-01-12:00:00 AMow,567499,8562fc78,1008235,189532
2010-01-01T02:00:00,FELONY ASSAULT,MANHATTAN,5,40.717557341,-73.9993124329999,F,N.Y. POLICE DEPT,2010-01-12:00:00 AMow,567500,bd82a3d8,984441,200699
2010-01-01T02:00:00,GRAND LARCENY,MANHATTAN,9,40.731667658,-73.9894150869999,D,N.Y. POLICE DEPT,2010-02-12:00:00 AMow,567501,ea669bae,987184,205840
2010-01-01T02:00:00,GRAND LARCENY,MANHATTAN,9,40.732010286,-73.9851934559999,D,N.Y. POLICE DEPT,2010-01-12:00:00 AMow,567502,6d49e12f,988354,205965
2010-01-01T02:00:00,GRAND LARCENY,MANHATTAN,13,40.73563375,-73.98860618,C,N.Y. POLICE DEPT,2010-01-12:00:00 AMow,567503,494fb59b,987408,207285
2010-01-01T02:00:00,FELONY ASSAULT,MANHATTAN,10,40.748754155,-73.995973702,B,N.Y. POLICE DEPT,2010-01-12:00:00 AMow,567504,577043f5,985366,212065
2010-01-01T02:00:00,FELONY ASSAULT,MANHATTAN,14,40.7541710290001,-73.982503147,E,N.Y. POLICE DEPT,2010-01-12:00:00 AMow,567505,5589ec67,989098,214039
2010-01-01T02:00:00,GRAND LARCENY,MANHATTAN,20,40.7780169750001,-73.980211324,D,N.Y. POLICE DEPT,2010-01-12:00:00 AMow,567506,6036527f,989731,222727
2010-01-01T02:10:00,FELONY ASSAULT,BROOKLYN,73,40.664239422,-73.908425011,K,N.Y. HOUSING POLICE,2010-01-12:00:00 AMow,567507,e94f0f64,1009656,181287
2010-01-01T02:10:00,ROBBERY,BRONX,42,40.8370010240001,-73.903706009,B,N.Y. HOUSING POLICE,2010-01-12:00:00 AMow,567508,18ff7884,1010896,244231
2010-01-01T02:10:00,FELONY ASSAULT,BRONX,42,40.8370010240001,-73.903706009,B,N.Y. HOUSING POLICE,2010-01-12:00:00 AMow,567509,13ead43,1010896,244231
2010-01-01T02:15:00,BURGLARY,QUEENS,115,40.7621138810001,-73.875155922,C,N.Y. POLICE DEPT,2010-01-12:00:00 AMow,567510,8609dcf8,1018835,216957
2010-01-01T02:15:00,FELONY ASSAULT,BRONX,49,40.853408341,-73.864848739,D,N.Y. POLICE DEPT,2010-01-12:00:00 AMow,567511,f33e70b0,1021639,250223
2010-01-01T02:20:00,GRAND LARCENY,MANHATTAN,19,40.78044908,-73.952804551,D,N.Y. POLICE DEPT,2010-01-12:00:00 AMow,567512,80a4cd0d,997321,223616
2010-01-01T02:30:00,ROBBERY,STATEN ISLAND,120,40.644826245,-74.0907152249999,H,N.Y. POLICE DEPT,2010-01-12:00:00 AMow,567513,f0682af1,959076,174214
2010-01-01T02:30:00,RAPE,BROOKLYN,73,40.670655072,-73.91339092,A,N.Y. POLICE DEPT,2010-01-12:00:00 AMow,567514,d42f26d4,1008276,183623
2010-01-01T02:30:00,GRAND LARCENY OF MOTOR VEHICLE,QUEENS,106,40.6879811220001,-73.812755575,G,N.Y. POLICE DEPT,2010-01-12:00:00 AMow,567813,f9f61c5c,1036179,189979
2010-01-01T02:30:00,GRAND LARCENY OF MOTOR VEHICLE,QUEENS,113,40.689120276,-73.790504137,M,N.Y. POLICE DEPT,2010-01-12:00:00 AMow,567814,95908edf,1042349,190408
2010-01-01T02:30:00,ROBBERY,QUEENS,113,40.702011429,-73.7657477819999,P,N.Y. POLICE DEPT,2010-01-12:00:00 AMow,567815,5718da74,1049202,195122
2010-01-01T02:30:00,GRAND LARCENY,QUEENS,105,40.708843707,-73.729672345,I,N.Y. POLICE DEPT,2010-01-12:00:00 AMow,567816,69469d41,1059197,197640
2010-01-01T02:30:00,GRAND LARCENY,MANHATTAN,9,40.7235881600001,-73.977669603,A,N.Y. POLICE DEPT,2010-01-12:00:00 AMow,567817,fd036d4,990440,202897
2010-01-01T02:34:00,FELONY ASSAULT,BRONX,43,40.8276975360001,-73.876102433,E,N.Y. POLICE DEPT,2010-01-12:00:00 AMow,567818,89bc36f7,1018539,240851
2010-01-01T02:40:00,FELONY ASSAULT,BROOKLYN,75,40.67287529,-73.884865368,G,N.Y. POLICE DEPT,2010-01-12:00:00 AMow,567819,caa61682,1016188,184441
2010-01-01T02:40:00,FELONY ASSAULT,BROOKLYN,75,40.67287529,-73.884865368,G,N.Y. POLICE DEPT,2010-01-12:00:00 AMow,567820,7886ca92,1016188,184441
2010-01-01T02:40:00,ROBBERY,BRONX,40,40.808014197,-73.914332004,C,N.Y. POLICE DEPT,2010-01-12:00:00 AMow,567821,c2c35694,1007966,233667
2010-01-01T02:50:00,MURDER & NON-NEGL. MANSLAUGHTE,BROOKLYN,75,40.67287529,-73.884865368,B,N.Y. POLICE DEPT,2010-01-12:00:00 AMow,1696,ad78fd99,1016188,184441
2010-01-01T02:50:00,FELONY ASSAULT,MANHATTAN,9,40.730262376,-73.989779727,D,N.Y. POLICE DEPT,2010-01-12:00:00 AMow,567822,56c92069,987083,205328
2010-01-01T02:57:00,FELONY ASSAULT,BROOKLYN,77,40.6699749860001,-73.935186608,I,N.Y. POLICE DEPT,2010-01-12:00:00 AMow,567823,d6d68946,1002230,183370
2010-01-01T03:00:00,GRAND LARCENY,STATEN ISLAND,123,40.5076131100001,-74.2524822399999,B,N.Y. POLICE DEPT,2010-01-12:00:00 AMow,567824,1e5a7de1,914040,124312
2010-01-01T03:00:00,BURGLARY,BROOKLYN,68,40.621176937,-74.0264919749999,D,N.Y. POLICE DEPT,2010-01-12:00:00 AMow,567825,e3eb185f,976896,165586
2010-01-01T03:00:00,BURGLARY,BROOKLYN,70,40.6412127190001,-73.959940225,H,N.Y. POLICE DEPT,2010-01-12:00:00 AMow,567826,7ac5b2be,995368,172887
2010-01-01T03:00:00,FELONY ASSAULT,BROOKLYN,67,40.6619404040001,-73.9210291369999,N,N.Y. POLICE DEPT,2010-01-12:00:00 AMow,567827,4d73c529,1006160,180446
2010-01-01T03:00:00,RAPE,BROOKLYN,73,40.670655072,-73.91339092,A,N.Y. POLICE DEPT,2010-01-12:00:00 AMow,567828,11dfcbd5,1008276,183623
2010-01-01T03:00:00,FELONY ASSAULT,QUEENS,102,40.6857445700001,-73.861557632,E,N.Y. POLICE DEPT,2010-01-12:00:00 AMow,567829,33ef3cbe,1022646,189139
2010-01-01T03:00:00,GRAND LARCENY OF MOTOR VEHICLE,BROOKLYN,79,40.6984833810001,-73.9483762469999,F,N.Y. POLICE DEPT,2010-01-12:00:00 AMow,567830,729c5855,998565,193754
2010-01-01T03:00:00,GRAND LARCENY,MANHATTAN,1,40.7074730150001,-74.0040411259999,A,N.Y. POLICE DEPT,2010-01-12:00:00 AMow,567831,5d9641e9,983130,197025
2010-01-01T03:00:00,ROBBERY,MANHATTAN,7,40.7185640660001,-73.988201454,B,N.Y. POLICE DEPT,2010-01-12:00:00 AMow,568132,e65246cc,987521,201066
2010-01-01T03:00:00,GRAND LARCENY,MANHATTAN,13,40.744793357,-73.993292546,I,N.Y. POLICE DEPT,2010-01-12:00:00 AMow,568133,bd86f19a,986109,210622
2010-01-01T03:00:00,FELONY ASSAULT,MANHATTAN,14,40.7522636300001,-73.983882395,D,N.Y. POLICE DEPT,2010-01-12:00:00 AMow,568134,a2b9d656,988716,213344
2010-01-01T03:00:00,ROBBERY,MANHATTAN,18,40.763132867,-73.9842046529999,G,N.Y. POLICE DEPT,2010-01-12:00:00 AMow,568135,d9070c0e,988626,217304
2010-01-01T03:00:00,GRAND LARCENY,MANHATTAN,19,40.7710773330001,-73.956710319,H,N.Y. POLICE DEPT,2010-01-12:00:00 AMow,568136,2655a6ab,996241,220201
2010-01-01T03:00:00,FELONY ASSAULT,BRONX,40,40.813951919,-73.915530979,C,N.Y. POLICE DEPT,2011-01-12:00:00 AMow,568137,120416e9,1007632,235830
2010-01-01T03:00:00,FELONY ASSAULT,MANHATTAN,30,40.8198232510001,-73.9554465959999,A,N.Y. POLICE DEPT,2010-01-12:00:00 AMow,568138,8fff73d4,996582,237961
2010-01-01T03:00:00,FELONY ASSAULT,MANHATTAN,32,40.825908155,-73.93742672,N,N.Y. POLICE DEPT,2010-01-12:00:00 AMow,568139,21af3000,1001568,240181
2010-01-01T03:00:00,BURGLARY,MANHATTAN,33,40.836194241,-73.9461155509999,B,N.Y. POLICE DEPT,2010-01-12:00:00 AMow,568140,cefa3906,999161,243927
2010-01-01T03:00:00,ROBBERY,BRONX,44,40.8407038710001,-73.922197522,M,N.Y. POLICE DEPT,2010-01-12:00:00 AMow,568141,f3f6ee12,1005778,245575
2010-01-01T03:00:00,FELONY ASSAULT,BRONX,45,40.8494439500001,-73.8326582879999,G,N.Y. POLICE DEPT,2010-01-12:00:00 AMow,568142,5c69d504,1030547,248794
2010-01-01T03:00:00,BURGLARY,BRONX,46,40.855589815,-73.902377735,G,N.Y. POLICE DEPT,2010-01-12:00:00 AMow,568143,57ce761d,1011256,251004
2010-01-01T03:15:00,FELONY ASSAULT,MANHATTAN,10,40.7515538120001,-74.003589037,D,N.Y. POLICE DEPT,2010-01-12:00:00 AMow,568144,9f90cc85,983256,213085
2010-01-01T03:20:00,FELONY ASSAULT,QUEENS,106,40.675611571,-73.815176907,J,N.Y. POLICE DEPT,2010-01-12:00:00 AMow,568145,83364f3c,1035517,185471
2010-01-01T03:20:00,FELONY ASSAULT,QUEENS,106,40.675611571,-73.815176907,J,N.Y. POLICE DEPT,2010-01-12:00:00 AMow,568146,3116932c,1035517,185471
2010-01-01T03:20:00,FELONY ASSAULT,QUEENS,106,40.675611571,-73.815176907,J,N.Y. POLICE DEPT,2010-01-12:00:00 AMow,568147,c76ba9c,1035517,185471
2010-01-01T03:20:00,FELONY ASSAULT,QUEENS,106,40.675611571,-73.815176907,J,N.Y. POLICE DEPT,2010-01-12:00:00 AMow,568148,4bd6c04c,1035517,185471
2010-01-01T03:25:00,GRAND LARCENY,MANHATTAN,6,40.7319315550001,-73.9955706009999,B,N.Y. POLICE DEPT,2010-01-12:00:00 AMow,568149,ef3c167c,985478,205936
2010-01-01T03:25:00,ROBBERY,QUEENS,110,40.7386075360001,-73.8774336549999,B,N.Y. POLICE DEPT,2010-01-12:00:00 AMow,568150,87f6f801,1018216,208392
2010-01-01T03:30:00,FELONY ASSAULT,BROOKLYN,71,40.6633706900001,-73.934555033,I,N.Y. POLICE DEPT,2010-01-12:00:00 AMow,568151,dfb43261,1002407,180964
2010-01-01T03:30:00,GRAND LARCENY OF MOTOR VEHICLE,BROOKLYN,83,40.6958705770001,-73.924010972,E,N.Y. POLICE DEPT,2010-01-12:00:00 AMow,568455,d613311e,1005322,192807
2010-01-01T03:30:00,FELONY ASSAULT,BRONX,49,40.8623053650001,-73.8684676079999,E,N.Y. POLICE DEPT,2010-01-12:00:00 AMow,568456,b98e6811,1020633,253463
2010-01-01T03:40:00,FELONY ASSAULT,BROOKLYN,75,40.6586265920001,-73.89282645,J,N.Y. POLICE DEPT,2010-01-12:00:00 AMow,568457,b06645e2,1013986,179247
2010-01-01T03:40:00,FELONY ASSAULT,BROOKLYN,75,40.6688262430001,-73.898941775,E,N.Y. POLICE DEPT,2010-01-12:00:00 AMow,568458,36f2374c,1012285,182961
2010-01-01T03:40:00,FELONY ASSAULT,QUEENS,115,40.759392835,-73.866905701,A,N.Y. POLICE DEPT,2010-01-12:00:00 AMow,568459,cbc17df3,1021122,215969
2010-01-01T03:45:00,ROBBERY,BROOKLYN,75,40.6640567700001,-73.888110233,F,N.Y. TRANSIT POLICE,2010-01-12:00:00 AMow,568460,84d2eb5c,1015292,181227
2010-01-01T03:45:00,FELONY ASSAULT,QUEENS,107,40.7210718540001,-73.759443236,D,N.Y. POLICE DEPT,2010-01-12:00:00 AMow,568461,42b890fc,1050931,202071
2010-01-01T03:45:00,FELONY ASSAULT,MANHATTAN,26,40.813088658,-73.9579799109999,D,N.Y. HOUSING POLICE,2010-01-12:00:00 AMow,568462,b29b0826,995882,235507
2010-01-01T03:50:00,ROBBERY,BROOKLYN,77,40.672781408,-73.96279083,B,N.Y. POLICE DEPT,2010-01-12:00:00 AMow,568463,9c6691e7,994572,184388
2010-01-01T03:50:00,FELONY ASSAULT,MANHATTAN,33,40.8380552900001,-73.9407907139999,A,N.Y. POLICE DEPT,2010-01-12:00:00 AMow,568464,d7291dab,1000634,244606
2010-01-01T03:55:00,FELONY ASSAULT,BROOKLYN,62,40.624912877,-73.997364488,H,N.Y. POLICE DEPT,2010-01-12:00:00 AMow,568465,3c24696b,984982,166946
2010-01-01T03:55:00,FELONY ASSAULT,BROOKLYN,62,40.624912877,-73.997364488,H,N.Y. POLICE DEPT,2010-01-12:00:00 AMow,568466,14440db,984982,166946
2010-01-01T04:00:00,GRAND LARCENY OF MOTOR VEHICLE,BROOKLYN,62,40.620518249,-73.992469328,F,N.Y. POLICE DEPT,2010-01-12:00:00 AMow,568467,f4c4e61b,986341,165345
2010-01-01T04:00:00,ROBBERY,BROOKLYN,75,40.679663814,-73.885556693,B,N.Y. POLICE DEPT,2010-01-12:00:00 AMow,568468,3236d233,1015993,186914
2010-01-01T04:00:00,GRAND LARCENY,BROOKLYN,90,40.715139853,-73.966598109,A,N.Y. POLICE DEPT,2010-01-12:00:00 AMow,568469,6fa0406e,993510,199820
2010-01-01T04:00:00,BURGLARY,MANHATTAN,9,40.7316512670001,-73.990302699,D,N.Y. POLICE DEPT,2010-01-12:00:00 AMow,568470,dab3e90e,986938,205834
2010-01-01T04:00:00,GRAND LARCENY,MANHATTAN,13,40.737260883,-73.984297388,C,N.Y. POLICE DEPT,2010-01-12:00:00 AMow,568471,c47c9e3d,988602,207878
2010-01-01T04:00:00,FELONY ASSAULT,MANHATTAN,13,40.740451228,-73.994595702,G,N.Y. POLICE DEPT,2010-01-12:00:00 AMow,568472,94376f9c,985748,209040
2010-01-01T04:00:00,FELONY ASSAULT,QUEENS,110,40.746579356,-73.883745528,A,N.Y. POLICE DEPT,2010-01-12:00:00 AMow,568473,556bfe63,1016463,211294
2010-01-01T04:00:00,FELONY ASSAULT,MANHATTAN,14,40.756046025,-73.984866869,E,N.Y. POLICE DEPT,2010-01-12:00:00 AMow,568474,21e581a3,988443,214722
2010-01-01T04:00:00,GRAND LARCENY,MANHATTAN,10,40.7565354280001,-73.994020485,F,N.Y. POLICE DEPT,2010-01-12:00:00 AMow,568774,ec8418eb,985907,214900
2010-01-01T04:00:00,FELONY ASSAULT,BRONX,41,40.821821427,-73.895873187,G,N.Y. POLICE DEPT,2010-01-12:00:00 AMow,568775,c6bd6455,1013070,238703
2010-01-01T04:00:00,FELONY ASSAULT,BRONX,48,40.8560328090001,-73.888448814,B,N.Y. POLICE DEPT,2010-01-12:00:00 AMow,568776,c73009b0,1015109,251170
2010-01-01T04:00:00,FELONY ASSAULT,MANHATTAN,34,40.8616387370001,-73.927964612,C,N.Y. POLICE DEPT,2010-01-12:00:00 AMow,568777,4c32d438,1004176,253201
2010-01-01T04:10:00,FELONY ASSAULT,BROOKLYN,75,40.6452509970001,-73.878747452,N,N.Y. POLICE DEPT,2010-01-12:00:00 AMow,568778,fe12b83c,1017899,174379
2010-01-01T04:15:00,BURGLARY,BRONX,43,40.83327504,-73.846618861,G,N.Y. POLICE DEPT,2010-01-12:00:00 AMow,568779,563152e4,1026695,242896
2010-01-01T04:18:00,FELONY ASSAULT,BROOKLYN,70,40.647951397,-73.9606064559999,I,N.Y. POLICE DEPT,2010-01-12:00:00 AMow,568780,a6d3a05,995182,175342
2010-01-01T04:18:00,FELONY ASSAULT,MANHATTAN,34,40.8578480350001,-73.932042837,B,N.Y. POLICE DEPT,2010-01-12:00:00 AMow,568781,7152fd88,1003049,251819
2010-01-01T04:20:00,FELONY ASSAULT,BROOKLYN,81,40.692931032,-73.9379085149999,B,N.Y. HOUSING POLICE,2010-01-12:00:00 AMow,568782,bacb2661,1001469,191733
2010-01-01T04:20:00,ROBBERY,MANHATTAN,10,40.7468274060001,-74.001087754,B,N.Y. POLICE DEPT,2010-01-12:00:00 AMow,568783,a2f0e535,983949,211363
2010-01-01T04:25:00,FELONY ASSAULT,BROOKLYN,75,40.6736256230001,-73.888678195,G,N.Y. POLICE DEPT,2010-01-12:00:00 AMow,568784,fd09b91,1015130,184713
2010-01-01T04:25:00,GRAND LARCENY OF MOTOR VEHICLE,BRONX,47,40.886291333,-73.8269200779999,G,N.Y. POLICE DEPT,2010-01-12:00:00 AMow,568785,7825d753,1032108,262222
2010-01-01T04:30:00,ROBBERY,QUEENS,101,40.6029515910001,-73.749976261,F,N.Y. POLICE DEPT,2010-01-12:00:00 AMow,568786,5c31a0aa,1053678,159044
2010-01-01T04:30:00,FELONY ASSAULT,BROOKLYN,75,40.6736256230001,-73.888678195,G,N.Y. POLICE DEPT,2010-01-12:00:00 AMow,568787,b921efc,1015130,184713
2010-01-01T04:30:00,FELONY ASSAULT,BRONX,49,40.8577107470001,-73.8684803099999,E,N.Y. POLICE DEPT,2010-01-12:00:00 AMow,568788,7c7e8510,1020632,251789
2010-01-01T04:45:00,FELONY ASSAULT,BROOKLYN,79,40.6874016190001,-73.940369194,C,N.Y. POLICE DEPT,2010-01-12:00:00 AMow,568789,36807e50,1000788,189718
2010-01-01T04:45:00,FELONY ASSAULT,MANHATTAN,33,40.8344205120001,-73.9447509939999,B,N.Y. POLICE DEPT,2010-01-12:00:00 AMow,568790,6509c1bb,999539,243281
2010-01-01T04:45:00,FELONY ASSAULT,MANHATTAN,33,40.8344205120001,-73.9447509939999,B,N.Y. POLICE DEPT,2010-01-12:00:00 AMow,568791,ea49341b,999539,243281
2010-01-01T04:46:00,ROBBERY,BROOKLYN,72,40.6593622890001,-73.99011497,B,N.Y. POLICE DEPT,2010-01-12:00:00 AMow,568792,15a1f914,986993,179497
2010-01-01T04:55:00,FELONY ASSAULT,MANHATTAN,30,40.824789609,-73.951526544,C,N.Y. POLICE DEPT,2010-01-12:00:00 AMow,568793,fceba7ba,997666,239771
2010-01-01T04:58:00,ROBBERY,MANHATTAN,10,40.7561595130001,-73.996962256,F,N.Y. POLICE DEPT,2010-01-12:00:00 AMow,569092,e5509fe5,985092,214763
2010-01-01T05:00:00,BURGLARY,STATEN ISLAND,120,40.612047767,-74.094348021,I,N.Y. POLICE DEPT,2010-01-12:00:00 AMow,569093,90d5f083,958055,162273
2010-01-01T05:00:00,BURGLARY,BROOKLYN,68,40.6277672850001,-74.006846286,C,N.Y. POLICE DEPT,2010-01-12:00:00 AMow,569094,de8b31ef,982350,167986
2010-01-01T05:00:00,BURGLARY,STATEN ISLAND,120,40.6368494500001,-74.084074785,G,N.Y. POLICE DEPT,2010-01-12:00:00 AMow,569095,bad83250,960916,171306
2010-01-01T05:00:00,FELONY ASSAULT,STATEN ISLAND,120,40.637704209,-74.1371205359999,P,N.Y. POLICE DEPT,2010-01-12:00:00 AMow,569096,a4615e3d,946194,171636
2010-01-01T05:00:00,BURGLARY,BROOKLYN,75,40.669165105,-73.891284691,G,N.Y. POLICE DEPT,2010-01-12:00:00 AMow,569097,8d066c52,1014409,183087
2010-01-01T05:00:00,FELONY ASSAULT,BROOKLYN,79,40.680332805,-73.9384249989999,B,N.Y. POLICE DEPT,2010-01-12:00:00 AMow,569098,84a0a240,1001329,187143
2010-01-01T05:00:00,FELONY ASSAULT,BROOKLYN,79,40.680332805,-73.9384249989999,B,N.Y. POLICE DEPT,2010-01-12:00:00 AMow,569099,b0140cfe,1001329,187143
2010-01-01T05:00:00,ROBBERY,QUEENS,108,40.745313491,-73.9144703699999,G,N.Y. POLICE DEPT,2010-01-12:00:00 AMow,569100,49eb1aeb,1007950,210823
2010-01-01T05:00:00,FELONY ASSAULT,BRONX,42,40.830611515,-73.907281814,G,N.Y. HOUSING POLICE,2010-01-12:00:00 AMow,569101,a963f841,1009909,241902
2010-01-01T05:00:00,FELONY ASSAULT,BRONX,42,40.830611515,-73.907281814,G,N.Y. HOUSING POLICE,2010-01-12:00:00 AMow,569102,eec38291,1009909,241902
2010-01-01T05:00:00,FELONY ASSAULT,BRONX,42,40.8379528570001,-73.90633196,B,N.Y. HOUSING POLICE,2010-01-12:00:00 AMow,569103,9403d1f1,1010169,244577
2010-01-01T05:10:00,FELONY ASSAULT,MANHATTAN,18,40.763132867,-73.9842046529999,G,N.Y. POLICE DEPT,2010-01-12:00:00 AMow,569104,4652ab67,988626,217304
2010-01-01T05:20:00,ROBBERY,MANHATTAN,24,40.7965711430001,-73.967185687,G,N.Y. POLICE DEPT,2010-01-12:00:00 AMow,569105,9037e287,993336,229488
2010-01-01T05:20:00,FELONY ASSAULT,MANHATTAN,7,40.7165145550001,-73.975893551,E,N.Y. HOUSING POLICE,2010-01-12:00:00 AMow,569106,e8fe7868,990933,200320
2010-01-01T05:30:00,FELONY ASSAULT,STATEN ISLAND,123,40.5530967230001,-74.213707158,D,N.Y. POLICE DEPT,2010-01-12:00:00 AMow,569107,233a5451,924863,140854
2010-01-01T05:30:00,GRAND LARCENY,MANHATTAN,6,40.731991973,-74.003429223,E,N.Y. POLICE DEPT,2010-01-12:00:00 AMow,569108,a148eba2,983300,205958
2010-01-01T05:33:00,FELONY ASSAULT,BROOKLYN,81,40.691396872,-73.9382200589999,C,N.Y. POLICE DEPT,2010-01-12:00:00 AMow,569109,87ab0fd1,1001383,191174
2010-01-01T05:40:00,FELONY ASSAULT,MANHATTAN,14,40.751669511,-73.9765774159999,B,N.Y. POLICE DEPT,2010-01-12:00:00 AMow,569110,122996b7,990740,213128
2010-01-01T05:43:00,MURDER & NON-NEGL. MANSLAUGHTE,BROOKLYN,81,40.6890975320001,-73.925616087,B,N.Y. POLICE DEPT,2010-01-12:00:00 AMow,1695,af3e43c0,1004879,190339
2010-01-01T05:45:00,ROBBERY,BROOKLYN,84,40.6954689410001,-73.982825079,,N.Y. TRANSIT POLICE,2010-01-12:00:00 AMow,569412,c05986,989013,192652
2010-01-01T05:45:00,RAPE,BROOKLYN,81,40.689615497,-73.924393112,J,N.Y. POLICE DEPT,2010-01-12:00:00 AMow,569413,fd6b5cb1,1005218,190528
2010-01-01T05:50:00,FELONY ASSAULT,BROOKLYN,67,40.6371657290001,-73.933669159,F,N.Y. POLICE DEPT,2010-01-12:00:00 AMow,569414,7c3dd88,1002660,171417
2010-01-01T05:55:00,GRAND LARCENY OF MOTOR VEHICLE,BROOKLYN,67,40.6571925470001,-73.914222933,M,N.Y. POLICE DEPT,2010-01-12:00:00 AMow,569415,85934a59,1008050,178718
2010-01-01T06:00:00,FELONY ASSAULT,BROOKLYN,77,40.6752886240001,-73.9513864469999,F,N.Y. POLICE DEPT,2010-01-12:00:00 AMow,569416,3a850b2b,997735,185303
2010-01-01T06:00:00,BURGLARY,MANHATTAN,7,40.71898938,-73.987057808,C,N.Y. POLICE DEPT,2010-01-12:00:00 AMow,569417,c58b0311,987838,201221
2010-01-01T06:15:00,FELONY ASSAULT,MANHATTAN,28,40.80203233,-73.949682945,A,N.Y. POLICE DEPT,2010-01-12:00:00 AMow,569418,9a2d7040,998181,231480
2010-01-01T06:22:00,FELONY ASSAULT,MANHATTAN,28,40.80203233,-73.949682945,A,N.Y. POLICE DEPT,2010-01-12:00:00 AMow,569419,b31a8e54,998181,231480
2010-01-01T06:25:00,FELONY ASSAULT,BROOKLYN,71,40.666409908,-73.9529176779999,B,N.Y. POLICE DEPT,2010-01-12:00:00 AMow,569420,b29fea70,997312,182068
2010-01-01T06:30:00,ROBBERY,BROOKLYN,84,40.685713852,-73.981680984,I,N.Y. POLICE DEPT,2010-01-12:00:00 AMow,569421,8f80ac26,989331,189098
2010-01-01T06:30:00,FELONY ASSAULT,BRONX,52,40.8679021340001,-73.895638333,F,N.Y. POLICE DEPT,2010-01-12:00:00 AMow,569422,b4719ff3,1013115,255492
2010-01-01T06:45:00,GRAND LARCENY OF MOTOR VEHICLE,QUEENS,110,40.740949861,-73.870857953,E,N.Y. POLICE DEPT,2010-01-12:00:00 AMow,569423,cdd271d8,1020037,209248
2010-01-01T07:00:00,GRAND LARCENY OF MOTOR VEHICLE,QUEENS,110,40.7415981570001,-73.861856577,H,N.Y. POLICE DEPT,2010-01-12:00:00 AMow,569424,71ca0214,1022531,209488
2010-01-01T07:00:00,BURGLARY,MANHATTAN,14,40.7547373200001,-73.989757926,G,N.Y. POLICE DEPT,2010-01-12:00:00 AMow,569425,c0a661bf,987088,214245
2010-01-01T07:00:00,ROBBERY,MANHATTAN,17,40.7571332580001,-73.971908352,E,N.Y. TRANSIT POLICE,2010-01-12:00:00 AMow,569426,4e3b1db7,992033,215119
2010-01-01T07:00:00,RAPE,MANHATTAN,19,40.76717676,-73.963806683,H,N.Y. POLICE DEPT,2015-08-12:00:00 AMow,569427,bda3eebb,994276,218779
2010-01-01T07:00:00,BURGLARY,MANHATTAN,24,40.7892287390001,-73.977611477,H,N.Y. POLICE DEPT,2014-02-12:00:00 AMow,569428,46d2e8db,990450,226812
2010-01-01T07:15:00,ROBBERY,QUEENS,114,40.757668881,-73.9162051499999,C,N.Y. POLICE DEPT,2010-01-12:00:00 AMow,569429,372f8b83,1007465,215324
2010-01-01T07:15:00,FELONY ASSAULT,BRONX,41,40.8231207650001,-73.891105437,H,N.Y. POLICE DEPT,2010-01-12:00:00 AMow,569430,749db845,1014389,239178
2010-01-01T07:25:00,FELONY ASSAULT,QUEENS,104,40.692209351,-73.8932664979999,A,N.Y. POLICE DEPT,2010-01-12:00:00 AMow,569431,2eda503d,1013849,191482
2010-01-01T08:00:00,GRAND LARCENY,BROOKLYN,60,40.5898831740001,-73.987795724,J,N.Y. POLICE DEPT,2010-09-12:00:00 AMow,569735,12b799cc,987640,154184
2010-01-01T08:00:00,RAPE,BROOKLYN,71,40.664527498,-73.9477392909999,A,N.Y. POLICE DEPT,2012-02-12:00:00 AMow,569736,1d9f28ea,998749,181383
2010-01-01T08:00:00,GRAND LARCENY,MANHATTAN,1,40.7063277980001,-74.0128813119999,D,N.Y. POLICE DEPT,2010-01-12:00:00 AMow,569737,7697431e,980679,196608
2010-01-01T08:00:00,RAPE,MANHATTAN,9,40.726554019,-73.987828427,A,N.Y. HOUSING POLICE,2013-07-12:00:00 AMow,569738,c4370ae1,987624,203977
2010-01-01T08:00:00,GRAND LARCENY,MANHATTAN,19,40.7728493330001,-73.953871394,I,N.Y. POLICE DEPT,2010-03-12:00:00 AMow,569739,2ce4c46e,997027,220847
2010-01-01T08:00:00,FELONY ASSAULT,BRONX,40,40.813935836,-73.908829574,D,N.Y. POLICE DEPT,2010-01-12:00:00 AMow,569740,ffa37f24,1009487,235826
2010-01-01T08:00:00,RAPE,BRONX,41,40.816391847,-73.895296414,D,N.Y. POLICE DEPT,2010-08-12:00:00 AMow,569741,5b15e61b,1013232,236725
2010-01-01T08:00:00,GRAND LARCENY,BRONX,50,40.8738855980001,-73.90521104,D,N.Y. POLICE DEPT,2012-12-12:00:00 AMow,569742,db386158,1010465,257669
2010-01-01T08:30:00,BURGLARY,STATEN ISLAND,122,40.578598234,-74.11944247,J,N.Y. POLICE DEPT,2010-01-12:00:00 AMow,569743,3e59ae7,951071,150095
2010-01-01T08:30:00,ROBBERY,BROOKLYN,70,40.645079439,-73.9580244539999,I,N.Y. POLICE DEPT,2010-01-12:00:00 AMow,569744,34b14f60,995899,174296
2010-01-01T08:30:00,FELONY ASSAULT,BROOKLYN,70,40.645079439,-73.9580244539999,I,N.Y. POLICE DEPT,2011-12-12:00:00 AMow,569745,1905ea08,995899,174296
2010-01-01T08:45:00,GRAND LARCENY,BROOKLYN,61,40.5779237940001,-73.954121207,D,N.Y. POLICE DEPT,2010-01-12:00:00 AMow,569746,2a009ad8,996995,149830
2010-01-01T09:00:00,BURGLARY,BROOKLYN,66,40.6388473910001,-73.9863563219999,F,N.Y. POLICE DEPT,2010-01-12:00:00 AMow,569747,47a1c94c,988037,172023
2010-01-01T09:00:00,RAPE,BROOKLYN,72,40.6581934320001,-74.0010322429999,H,N.Y. POLICE DEPT,2010-06-12:00:00 AMow,569748,169bb543,983964,179071
2010-01-01T09:00:00,GRAND LARCENY,BROOKLYN,75,40.677279114,-73.868086247,D,N.Y. POLICE DEPT,2010-03-12:00:00 AMow,569749,68425b56,1020840,186052
2010-01-01T09:00:00,GRAND LARCENY,BROOKLYN,88,40.6890675760001,-73.979397553,H,N.Y. POLICE DEPT,2010-03-12:00:00 AMow,569750,d8e2f442,989964,190320
2010-01-01T09:00:00,GRAND LARCENY,BROOKLYN,88,40.6958640340001,-73.981822445,J,N.Y. POLICE DEPT,2012-01-12:00:00 AMow,569751,4fb0da5e,989291,192796
2010-01-01T09:00:00,GRAND LARCENY,QUEENS,105,40.7197131400001,-73.7320741679999,I,N.Y. POLICE DEPT,2010-05-12:00:00 AMow,569752,398b7c62,1058519,201598
2010-01-01T09:00:00,RAPE,MANHATTAN,9,40.726554019,-73.987828427,A,N.Y. HOUSING POLICE,2015-02-12:00:00 AMow,569753,2a2b3928,987624,203977
2010-01-01T09:00:00,ROBBERY,MANHATTAN,17,40.745098591,-73.976623032,A,N.Y. POLICE DEPT,2010-01-12:00:00 AMow,569754,735b3407,990728,210734
2010-01-01T09:00:00,GRAND LARCENY,QUEENS,111,40.7503029490001,-73.737769159,C,N.Y. POLICE DEPT,2010-03-12:00:00 AMow,569755,68e6d3e2,1056907,212738
2010-01-01T09:00:00,GRAND LARCENY,QUEENS,111,40.7597255160001,-73.738894387,G,N.Y. POLICE DEPT,2010-02-12:00:00 AMow,570059,952aa370,1056585,216170
2010-01-01T09:00:00,GRAND LARCENY,QUEENS,111,40.763381812,-73.776906724,H,N.Y. POLICE DEPT,2010-02-12:00:00 AMow,570060,7b4fddfe,1046051,217473
2010-01-01T09:00:00,GRAND LARCENY,QUEENS,111,40.7689185890001,-73.730930343,G,N.Y. POLICE DEPT,2010-02-12:00:00 AMow,570061,c863c1ca,1058781,219526
2010-01-01T09:30:00,GRAND LARCENY,MANHATTAN,18,40.765261019,-73.995088258,J,N.Y. POLICE DEPT,2010-01-12:00:00 AMow,570062,9d1b2a0b,985611,218079
2010-01-01T10:00:00,GRAND LARCENY OF MOTOR VEHICLE,BROOKLYN,68,40.630898954,-74.0088425129999,C,N.Y. POLICE DEPT,2010-01-12:00:00 AMow,570063,35349b50,981796,169127
2010-01-01T10:00:00,GRAND LARCENY,QUEENS,112,40.7133423810001,-73.843734952,A,N.Y. POLICE DEPT,2010-05-12:00:00 AMow,570064,cceaf6c2,1027571,199202
2010-01-01T10:00:00,BURGLARY,QUEENS,107,40.7272699710001,-73.780256723,D,N.Y. POLICE DEPT,2010-01-12:00:00 AMow,570065,faf09737,1045156,204314
2010-01-01T10:00:00,GRAND LARCENY,MANHATTAN,17,40.7559880050001,-73.969190893,E,N.Y. POLICE DEPT,2010-01-12:00:00 AMow,570066,8567ce12,992786,214702
2010-01-01T10:30:00,ROBBERY,BROOKLYN,77,40.6766686940001,-73.9387312169999,H,N.Y. POLICE DEPT,2010-01-12:00:00 AMow,570067,23d04f94,1001245,185808
2010-01-01T10:40:00,ROBBERY,BROOKLYN,83,40.702627207,-73.9185500959999,I,N.Y. POLICE DEPT,2010-01-12:00:00 AMow,570068,a6bbb9a5,1006834,195270
2010-01-01T10:50:00,FELONY ASSAULT,BROOKLYN,67,40.6542179190001,-73.936470517,H,N.Y. POLICE DEPT,2010-01-12:00:00 AMow,570069,96fe32c,1001878,177629
2010-01-01T11:00:00,GRAND LARCENY,STATEN ISLAND,123,40.53023756,-74.169480791,F,N.Y. POLICE DEPT,2010-02-12:00:00 AMow,570070,36a20126,937137,132499
2010-01-01T11:00:00,ROBBERY,BROOKLYN,88,40.6936149800001,-73.9758946169999,J,N.Y. HOUSING POLICE,2010-01-12:00:00 AMow,570071,f68eea8f,990935,191977
2010-01-01T11:00:00,GRAND LARCENY,BROOKLYN,94,40.717690014,-73.95896355,H,N.Y. POLICE DEPT,2013-09-12:00:00 AMow,570072,5b59118b,995626,200750
2010-01-01T11:00:00,BURGLARY,MANHATTAN,9,40.7244187320001,-73.9891673019999,E,N.Y. POLICE DEPT,2010-01-12:00:00 AMow,570073,1fd79577,987253,203199
2010-01-01T11:00:00,BURGLARY,BRONX,44,40.838649714,-73.9166741619999,P,N.Y. POLICE DEPT,2010-01-12:00:00 AMow,570074,c4fe1c79,1007307,244828
2010-01-01T11:10:00,FELONY ASSAULT,BROOKLYN,75,40.6679135840001,-73.894336325,E,N.Y. POLICE DEPT,2010-01-12:00:00 AMow,570075,72ee1149,1013563,182630
2010-01-01T11:15:00,FELONY ASSAULT,BROOKLYN,68,40.638667594,-74.022463404,F,N.Y. POLICE DEPT,2010-01-12:00:00 AMow,570076,6cabedff,978016,171958
2010-01-01T11:21:00,FELONY ASSAULT,BROOKLYN,70,40.651686501,-73.9590401839999,I,N.Y. POLICE DEPT,2010-01-12:00:00 AMow,570077,43617e71,995616,176703
2010-01-01T11:30:00,RAPE,QUEENS,109,40.762334218,-73.826917308,D,N.Y. POLICE DEPT,2010-01-12:00:00 AMow,570078,671e8aeb,1032198,217060
2010-01-01T11:52:00,ROBBERY,BROOKLYN,77,40.6711873200001,-73.933682189,J,N.Y. POLICE DEPT,2010-01-12:00:00 AMow,570380,afaa86f3,1002647,183812
2010-01-01T12:00:00,RAPE,BROOKLYN,63,40.6279777550001,-73.941647157,F,N.Y. POLICE DEPT,2011-09-12:00:00 AMow,570381,2d9f8d88,1000448,168068
2010-01-01T12:00:00,RAPE,BROOKLYN,68,40.6390216720001,-74.022463524,F,N.Y. POLICE DEPT,2010-03-12:00:00 AMow,570382,e0089d86,978016,172087
2010-01-01T12:00:00,GRAND LARCENY,BROOKLYN,67,40.64097285,-73.92923336,F,N.Y. POLICE DEPT,2011-06-12:00:00 AMow,570383,69d86984,1003890,172805
2010-01-01T12:00:00,BURGLARY,BROOKLYN,79,40.678321721,-73.9455256539999,A,N.Y. POLICE DEPT,2010-03-12:00:00 AMow,570384,cf512233,999360,186409
2010-01-01T12:00:00,GRAND LARCENY,QUEENS,103,40.6948893260001,-73.801066561,G,N.Y. POLICE DEPT,2010-01-12:00:00 AMow,570385,d925c36c,1039415,192503
2010-01-01T12:00:00,GRAND LARCENY,MANHATTAN,9,40.734645797,-73.99033113,E,N.Y. POLICE DEPT,2015-10-12:00:00 AMow,570386,da055095,986930,206925
2010-01-01T12:00:00,GRAND LARCENY,MANHATTAN,13,40.7369377730001,-73.991705617,E,N.Y. POLICE DEPT,2010-01-12:00:00 AMow,570387,c4fafe2f,986549,207760
2010-01-01T12:00:00,GRAND LARCENY,QUEENS,110,40.7398493260001,-73.8866044649999,A,N.Y. POLICE DEPT,2010-02-12:00:00 AMow,570388,3561ec1a,1015674,208841
2010-01-01T12:00:00,GRAND LARCENY,MANHATTAN,14,40.75012867,-73.9875317789999,D,N.Y. POLICE DEPT,2011-04-12:00:00 AMow,570389,bd80abf7,987705,212566
2010-01-01T12:00:00,RAPE,QUEENS,115,40.756860977,-73.875656664,I,N.Y. POLICE DEPT,2010-08-12:00:00 AMow,570390,7cea52c,1018699,215043
2010-01-01T12:00:00,GRAND LARCENY,MANHATTAN,18,40.7581825410001,-73.975362299,B,N.Y. POLICE DEPT,2011-03-12:00:00 AMow,570391,829de5b2,991076,215501
2010-01-01T12:00:00,GRAND LARCENY,MANHATTAN,19,40.7849865480001,-73.9538413189999,E,N.Y. POLICE DEPT,2012-05-12:00:00 AMow,570392,f8ae8532,997033,225269
2010-01-01T12:00:00,GRAND LARCENY,QUEENS,109,40.7930514440001,-73.798689404,T,N.Y. POLICE DEPT,2010-03-12:00:00 AMow,570393,73c7474e,1039992,228268
2010-01-01T12:00:00,GRAND LARCENY,MANHATTAN,24,40.801487552,-73.960363898,E,N.Y. POLICE DEPT,2010-04-12:00:00 AMow,570394,c57f0e99,995224,231280
2010-01-01T12:00:00,RAPE,BRONX,43,40.823101299,-73.8696904609999,E,N.Y. POLICE DEPT,2012-10-12:00:00 AMow,570395,6764836a,1020316,239179
2010-01-01T12:00:00,BURGLARY,BRONX,52,40.8738250210001,-73.881266747,K,N.Y. POLICE DEPT,2010-01-12:00:00 AMow,570396,71a22b81,1017087,257655
2010-01-01T12:00:00,GRAND LARCENY,BRONX,52,40.883212148,-73.884240741,I,N.Y. POLICE DEPT,2010-01-12:00:00 AMow,570397,6e52a52d,1016260,261074
2010-01-01T12:10:00,MURDER & NON-NEGL. MANSLAUGHTE,QUEENS,107,40.7132703660001,-73.822459989,M,N.Y. POLICE DEPT,2010-01-12:00:00 AMow,1697,a7e6d093,1033469,199187
2010-01-01T12:15:00,ROBBERY,MANHATTAN,20,40.7707416810001,-73.987379899,B,N.Y. POLICE DEPT,2010-01-12:00:00 AMow,570398,917211c0,987746,220076
2010-01-01T12:35:00,GRAND LARCENY,STATEN ISLAND,122,40.5738496490001,-74.105496156,,N.Y. POLICE DEPT,2010-01-12:00:00 AMow,570399,d066adcb,954943,148360
2010-01-01T12:50:00,GRAND LARCENY,MANHATTAN,19,40.779163,-73.9558348739999,C,N.Y. POLICE DEPT,2010-01-12:00:00 AMow,570702,f9d8c2b8,996482,223147
2010-01-01T13:00:00,GRAND LARCENY,MANHATTAN,34,40.852762511,-73.937629187,B,N.Y. POLICE DEPT,2011-01-12:00:00 AMow,570703,c38a0a1c,1001505,249965
2010-01-01T13:11:00,ROBBERY,MANHATTAN,14,40.7558129120001,-73.986400949,E,N.Y. TRANSIT POLICE,2010-01-12:00:00 AMow,570704,e4156ca2,988018,214637
2010-01-01T13:30:00,BURGLARY,BROOKLYN,61,40.5866636110001,-73.9550440899999,C,N.Y. POLICE DEPT,2010-01-12:00:00 AMow,570705,145a8faf,996737,153014
2010-01-01T13:30:00,GRAND LARCENY,BROOKLYN,79,40.695198976,-73.950849032,J,N.Y. POLICE DEPT,2010-01-12:00:00 AMow,570706,8ec8799b,997880,192557
2010-01-01T13:30:00,BURGLARY,QUEENS,110,40.7464454620001,-73.881638122,A,N.Y. POLICE DEPT,2010-01-12:00:00 AMow,570707,3b7a1ab5,1017047,211246
2010-01-01T14:00:00,GRAND LARCENY,BROOKLYN,60,40.5940604740001,-73.985350065,I,N.Y. POLICE DEPT,2014-04-12:00:00 AMow,570708,f5f7404b,988319,155706
2010-01-01T14:00:00,GRAND LARCENY,BROOKLYN,62,40.594978166,-74.00106367,C,N.Y. POLICE DEPT,2010-07-12:00:00 AMow,570709,a155b31b,983955,156040
2010-01-01T14:00:00,BURGLARY,STATEN ISLAND,120,40.610530409,-74.090290451,I,N.Y. POLICE DEPT,2010-01-12:00:00 AMow,570710,3c4c40fe,959181,161719
2010-01-01T14:00:00,BURGLARY,BROOKLYN,70,40.6145050110001,-73.957442172,A,N.Y. POLICE DEPT,2010-02-12:00:00 AMow,570711,5cdcd8bb,996066,163157
2010-01-01T14:00:00,FELONY ASSAULT,BROOKLYN,67,40.655441049,-73.9137854909999,P,N.Y. POLICE DEPT,2010-01-12:00:00 AMow,570712,98967ae1,1008172,178080
2010-01-01T14:00:00,GRAND LARCENY,MANHATTAN,9,40.732384101,-73.9901221809999,D,N.Y. POLICE DEPT,2010-01-12:00:00 AMow,570713,71d480cb,986988,206101
2010-01-01T14:00:00,RAPE,MANHATTAN,30,40.8288510450001,-73.943834191,F,N.Y. POLICE DEPT,2010-01-12:00:00 AMow,570714,ff57fb6f,999794,241252
2010-01-01T14:15:00,GRAND LARCENY,MANHATTAN,19,40.7618746900001,-73.966358084,F,N.Y. POLICE DEPT,2010-10-12:00:00 AMow,570715,708ad420,993570,216847
2010-01-01T14:20:00,FELONY ASSAULT,BROOKLYN,84,40.685713852,-73.981680984,I,N.Y. POLICE DEPT,2010-01-12:00:00 AMow,570716,3ad8c99c,989331,189098
2010-01-01T14:30:00,GRAND LARCENY,MANHATTAN,19,40.7827972270001,-73.949621651,M,N.Y. POLICE DEPT,2010-01-12:00:00 AMow,570717,94757abb,998202,224472
2010-01-01T15:00:00,RAPE,BROOKLYN,67,40.648650085,-73.950335563,N,N.Y. POLICE DEPT,2012-05-12:00:00 AMow,570718,4020634c,998032,175598
2010-01-01T15:00:00,GRAND LARCENY OF MOTOR VEHICLE,BROOKLYN,72,40.664742167,-73.991483901,B,N.Y. POLICE DEPT,2010-01-12:00:00 AMow,570719,e39d0301,986613,181457
2010-01-01T15:00:00,RAPE,BROOKLYN,75,40.671106911,-73.881432957,B,N.Y. POLICE DEPT,2012-05-12:00:00 AMow,570720,f5f655b0,1017141,183798
2010-01-01T15:00:00,BURGLARY,BRONX,43,40.82506399,-73.8773972609999,E,N.Y. POLICE DEPT,2010-01-12:00:00 AMow,570721,e7add221,1018182,239891
2010-01-01T15:00:00,FELONY ASSAULT,BRONX,43,40.82506399,-73.8773972609999,E,N.Y. POLICE DEPT,2010-01-12:00:00 AMow,571021,fd563b21,1018182,239891
2010-01-01T15:10:00,ROBBERY,BRONX,48,40.851975931,-73.8970875099999,B,N.Y. POLICE DEPT,2010-01-12:00:00 AMow,571022,ee8197b6,1012721,249689
2010-01-01T15:15:00,FELONY ASSAULT,QUEENS,107,40.7111168930001,-73.806169016,B,N.Y. POLICE DEPT,2010-01-12:00:00 AMow,571023,3568a1ed,1037987,198412
2010-01-01T15:30:00,BURGLARY,BROOKLYN,77,40.673245965,-73.964989625,B,N.Y. POLICE DEPT,2010-01-12:00:00 AMow,571024,df020e48,993962,184557
2010-01-01T15:30:00,GRAND LARCENY OF MOTOR VEHICLE,QUEENS,113,40.6794108450001,-73.757761995,E,N.Y. POLICE DEPT,2010-01-12:00:00 AMow,571025,9d8b8b02,1051439,186894
2010-01-01T15:30:00,FELONY ASSAULT,BROOKLYN,78,40.681128685,-73.974366822,D,N.Y. POLICE DEPT,2010-05-12:00:00 AMow,571026,20045ba5,991360,187428
2010-01-01T15:30:00,GRAND LARCENY OF MOTOR VEHICLE,QUEENS,104,40.702732171,-73.871191661,C,N.Y. POLICE DEPT,2010-01-12:00:00 AMow,571027,a226f948,1019965,195324
2010-01-01T15:30:00,GRAND LARCENY,MANHATTAN,18,40.7582323710001,-73.977430585,A,N.Y. POLICE DEPT,2010-01-12:00:00 AMow,571028,94cfad05,990503,215519
2010-01-01T15:30:00,ROBBERY,MANHATTAN,23,40.7984552400001,-73.948082015,I,N.Y. HOUSING POLICE,2010-01-12:00:00 AMow,571029,35f05e71,998625,230177
2010-01-01T16:00:00,GRAND LARCENY OF MOTOR VEHICLE,BROOKLYN,61,40.589840118,-73.9570618339999,C,N.Y. POLICE DEPT,2010-01-12:00:00 AMow,571030,64f20714,996176,154171
2010-01-01T16:00:00,GRAND LARCENY OF MOTOR VEHICLE,BROOKLYN,61,40.6013562950001,-73.954461619,I,N.Y. POLICE DEPT,2010-01-12:00:00 AMow,571031,e80eae61,996896,158367
2010-01-01T16:00:00,BURGLARY,BROOKLYN,66,40.6117504520001,-73.969988598,A,N.Y. POLICE DEPT,2010-01-12:00:00 AMow,571032,abe0ba4b,992583,162152
2010-01-01T16:00:00,RAPE,BROOKLYN,69,40.648421119,-73.904897109,E,N.Y. POLICE DEPT,2010-06-12:00:00 AMow,571033,70dbf8ba,1010641,175525
2010-01-01T16:00:00,GRAND LARCENY OF MOTOR VEHICLE,QUEENS,107,40.709347021,-73.804843192,C,N.Y. POLICE DEPT,2010-01-12:00:00 AMow,571034,fe347248,1038356,197768
2010-01-01T16:00:00,GRAND LARCENY,QUEENS,111,40.7451877280001,-73.774549679,E,N.Y. POLICE DEPT,2010-01-12:00:00 AMow,571035,8a5c4dce,1046721,210846
2010-01-01T16:00:00,GRAND LARCENY,QUEENS,110,40.7496435200001,-73.8622657729999,G,N.Y. POLICE DEPT,2010-01-12:00:00 AMow,571036,da2b0bc3,1022413,212419
2010-01-01T16:00:00,BURGLARY,MANHATTAN,20,40.7773363590001,-73.9806809089999,D,N.Y. POLICE DEPT,2010-01-12:00:00 AMow,571037,b66fb162,989601,222479
2010-01-01T16:00:00,GRAND LARCENY OF MOTOR VEHICLE,MANHATTAN,25,40.813028822,-73.935415785,E,N.Y. POLICE DEPT,2010-01-12:00:00 AMow,571038,8d880581,1002128,235489
2010-01-01T16:00:00,FELONY ASSAULT,BRONX,52,40.8665228410001,-73.894042452,F,N.Y. POLICE DEPT,2010-01-12:00:00 AMow,571039,9de35886,1013557,254990
2010-01-01T16:20:00,FELONY ASSAULT,BROOKLYN,83,40.692907443,-73.9140363509999,C,N.Y. POLICE DEPT,2010-01-12:00:00 AMow,571040,e2a79fa0,1008089,191730
2010-01-01T16:28:00,FELONY ASSAULT,QUEENS,113,40.680238817,-73.789356679,H,N.Y. POLICE DEPT,2010-01-12:00:00 AMow,571341,10b8a0a4,1042675,187173
2010-01-01T16:30:00,GRAND LARCENY,QUEENS,101,40.603133203,-73.764484952,C,N.Y. POLICE DEPT,2010-01-12:00:00 AMow,571342,daa5d204,1049649,159099
2010-01-01T16:30:00,GRAND LARCENY,BROOKLYN,73,40.6731649180001,-73.9077674599999,H,N.Y. HOUSING POLICE,2010-01-12:00:00 AMow,571343,716211a7,1009835,184539
2010-01-01T16:30:00,FELONY ASSAULT,QUEENS,111,40.753829195,-73.779302859,E,N.Y. POLICE DEPT,2010-01-12:00:00 AMow,571344,8388cac0,1045396,213991
2010-01-01T16:30:00,BURGLARY,MANHATTAN,20,40.771993179,-73.986469853,B,N.Y. HOUSING POLICE,2010-01-12:00:00 AMow,571345,a5c6bf7e,987998,220532
2010-01-01T16:45:00,GRAND LARCENY OF MOTOR VEHICLE,QUEENS,106,40.6874186750001,-73.809551616,G,N.Y. POLICE DEPT,2010-01-12:00:00 AMow,571346,fa4a4089,1037068,189776
2010-01-01T17:00:00,ROBBERY,QUEENS,103,40.709910499,-73.786727195,B,N.Y. POLICE DEPT,2010-02-12:00:00 AMow,571347,14ed72c3,1043378,197985
2010-01-01T17:00:00,GRAND LARCENY,QUEENS,107,40.71609153,-73.820396295,M,N.Y. POLICE DEPT,2010-01-12:00:00 AMow,571348,6a4b6f9,1034039,200216
2010-01-01T17:00:00,GRAND LARCENY,QUEENS,111,40.7654203640001,-73.788116185,I,N.Y. POLICE DEPT,2012-02-12:00:00 AMow,571349,736b0df8,1042944,218208
2010-01-01T17:10:00,ROBBERY,BROOKLYN,75,40.6499899980001,-73.891225842,N,N.Y. POLICE DEPT,2010-01-12:00:00 AMow,571350,284b5b21,1014434,176101
2010-01-01T17:15:00,GRAND LARCENY,BROOKLYN,66,40.6165491840001,-73.973361462,A,N.Y. POLICE DEPT,2010-01-12:00:00 AMow,571351,797dbc29,991646,163900
2010-01-01T17:15:00,BURGLARY,QUEENS,105,40.719709096,-73.756190553,J,N.Y. POLICE DEPT,2010-01-12:00:00 AMow,571352,ef548ffd,1051834,201577
2010-01-01T17:15:00,GRAND LARCENY,MANHATTAN,14,40.750999048,-73.9906247119999,C,N.Y. POLICE DEPT,2010-01-12:00:00 AMow,571353,1c85a813,986848,212883
2010-01-01T17:25:00,RAPE,MANHATTAN,18,40.764818269,-73.9851897729999,A,N.Y. POLICE DEPT,2010-01-12:00:00 AMow,571354,d055eb12,988353,217918
2010-01-01T17:30:00,FELONY ASSAULT,BROOKLYN,77,40.674894695,-73.9277625399999,K,N.Y. POLICE DEPT,2010-01-12:00:00 AMow,571355,ae7b180,1004288,185164
2010-01-01T17:30:00,GRAND LARCENY OF MOTOR VEHICLE,BROOKLYN,88,40.6923396620001,-73.968654153,C,N.Y. POLICE DEPT,2010-01-12:00:00 AMow,571356,3dd2392a,992943,191513
2010-01-01T18:00:00,GRAND LARCENY,BROOKLYN,70,40.6503963340001,-73.958709429,I,N.Y. POLICE DEPT,2010-01-12:00:00 AMow,571357,dc34d918,995708,176233
2010-01-01T18:00:00,RAPE,QUEENS,105,40.72618713,-73.735233904,E,N.Y. POLICE DEPT,2015-11-12:00:00 AMow,571358,2e9bd0c1,1057636,203954
2010-01-01T18:00:00,FELONY ASSAULT,BROOKLYN,81,40.6869992750001,-73.937344329,F,N.Y. POLICE DEPT,2010-01-12:00:00 AMow,571359,469f07af,1001627,189572
2010-01-01T18:00:00,GRAND LARCENY,BROOKLYN,79,40.691307227,-73.9454970159999,D,N.Y. POLICE DEPT,2010-01-12:00:00 AMow,571360,2b854ee8,999365,191140
2010-01-01T18:00:00,GRAND LARCENY,QUEENS,112,40.7480879280001,-73.7840497569999,E,N.Y. POLICE DEPT,2010-06-12:00:00 AMow,571657,eb63b788,1044086,211896
2010-01-01T18:00:00,GRAND LARCENY,MANHATTAN,19,40.7618746900001,-73.966358084,F,N.Y. POLICE DEPT,2010-01-12:00:00 AMow,571658,12e10815,993570,216847
2010-01-01T18:29:00,ROBBERY,BRONX,44,40.839286927,-73.917284131,P,N.Y. POLICE DEPT,2010-01-12:00:00 AMow,571659,b946f6b3,1007138,245060
2010-01-01T18:40:00,FELONY ASSAULT,QUEENS,103,40.702543812,-73.8137786199999,A,N.Y. POLICE DEPT,2010-01-12:00:00 AMow,571660,b8d1fbdf,1035884,195284
2010-01-01T19:00:00,GRAND LARCENY OF MOTOR VEHICLE,STATEN ISLAND,120,40.6283548930001,-74.0832931309999,D,N.Y. POLICE DEPT,2010-01-12:00:00 AMow,571661,3ff01c2b,961130,168211
2010-01-01T19:00:00,ROBBERY,BROOKLYN,77,40.6685839570001,-73.9269799319999,M,N.Y. POLICE DEPT,2010-01-12:00:00 AMow,571662,b229d659,1004507,182865
2010-01-01T19:00:00,GRAND LARCENY OF MOTOR VEHICLE,QUEENS,102,40.7058426180001,-73.837033111,G,N.Y. POLICE DEPT,2010-01-12:00:00 AMow,571663,4e7ced5,1029434,196473
2010-01-01T19:10:00,GRAND LARCENY,QUEENS,105,40.7335977610001,-73.7257471349999,M,N.Y. POLICE DEPT,2010-01-12:00:00 AMow,571664,96288048,1060257,206662
2010-01-01T19:20:00,ROBBERY,BRONX,49,40.849934004,-73.862914766,D,N.Y. POLICE DEPT,2010-01-12:00:00 AMow,571665,cde205d5,1022176,248958
2010-01-01T19:30:00,BURGLARY,QUEENS,105,40.672103984,-73.737625996,E,N.Y. POLICE DEPT,2010-01-12:00:00 AMow,571666,ab48a9f8,1057032,184248
2010-01-01T19:30:00,BURGLARY,BROOKLYN,83,40.691547633,-73.920060119,D,N.Y. POLICE DEPT,2010-01-12:00:00 AMow,571667,1ef3be6e,1006419,191233
2010-01-01T19:30:00,FELONY ASSAULT,QUEENS,115,40.7531837980001,-73.855184153,I,N.Y. POLICE DEPT,2010-01-12:00:00 AMow,571668,40456d2c,1024373,213712
2010-01-01T19:30:00,FELONY ASSAULT,MANHATTAN,20,40.7698302900001,-73.986188694,A,N.Y. POLICE DEPT,2010-01-12:00:00 AMow,571669,afae64a5,988076,219744
2010-01-01T19:40:00,BURGLARY,BROOKLYN,70,40.644377079,-73.958868101,I,N.Y. POLICE DEPT,2010-01-12:00:00 AMow,571670,b2253dce,995665,174040
2010-01-01T19:45:00,GRAND LARCENY,MANHATTAN,14,40.7566420420001,-73.988371577,H,N.Y. POLICE DEPT,2010-01-12:00:00 AMow,571671,b4d8fd11,987472,214939
2010-01-01T19:50:00,ROBBERY,BRONX,49,40.8530644890001,-73.8689449569999,D,N.Y. POLICE DEPT,2010-01-12:00:00 AMow,571672,8a427f05,1020506,250096
2010-01-01T19:55:00,ROBBERY,QUEENS,109,40.7568084260001,-73.8159009239999,G,N.Y. POLICE DEPT,2011-01-12:00:00 AMow,571673,fa116b9d,1035254,215053
2010-01-01T20:00:00,GRAND LARCENY,BROOKLYN,71,40.6636870290001,-73.935776645,I,N.Y. POLICE DEPT,2010-01-12:00:00 AMow,571674,c8d9d902,1002068,181079
2010-01-01T20:00:00,GRAND LARCENY,MANHATTAN,9,40.7274278240001,-73.976409147,B,N.Y. HOUSING POLICE,2010-01-12:00:00 AMow,571675,ae885745,990789,204296
2010-01-01T20:00:00,BURGLARY,MANHATTAN,13,40.7398408340001,-73.983463192,D,N.Y. POLICE DEPT,2010-01-12:00:00 AMow,571676,32c6043a,988833,208818
2010-01-01T20:00:00,GRAND LARCENY OF MOTOR VEHICLE,QUEENS,115,40.7565457740001,-73.876068737,C,N.Y. POLICE DEPT,2010-01-12:00:00 AMow,571980,7e517fc,1018585,214928
2010-01-01T20:00:00,GRAND LARCENY OF MOTOR VEHICLE,QUEENS,109,40.7887432540001,-73.845616403,Q,N.Y. POLICE DEPT,2010-01-12:00:00 AMow,571981,27c64991,1027001,226672
2010-01-01T20:00:00,GRAND LARCENY,BRONX,40,40.8025177430001,-73.908783808,A,N.Y. POLICE DEPT,2010-01-12:00:00 AMow,571982,190cb7ea,1009504,231666
2010-01-01T20:00:00,ROBBERY,BRONX,49,40.8585561410001,-73.87093326,E,N.Y. POLICE DEPT,2010-01-12:00:00 AMow,571983,b72256b5,1019953,252096
2010-01-01T20:00:00,BURGLARY,BRONX,52,40.872762531,-73.8783506729999,K,N.Y. POLICE DEPT,2010-01-12:00:00 AMow,571984,25ab5f4d,1017894,257269
2010-01-01T20:05:00,ROBBERY,QUEENS,106,40.687731796,-73.816441401,G,N.Y. POLICE DEPT,2010-01-12:00:00 AMow,571985,c986579d,1035157,189886
2010-01-01T20:05:00,ROBBERY,MANHATTAN,25,40.8009840290001,-73.944124986,C,N.Y. POLICE DEPT,2010-01-12:00:00 AMow,571986,9ae5eee2,999720,231099
2010-01-01T20:30:00,ROBBERY,BROOKLYN,68,40.6217088700001,-74.028804813,D,N.Y. POLICE DEPT,2010-01-12:00:00 AMow,571987,15d7e24a,976254,165780
2010-01-01T20:30:00,ROBBERY,BRONX,49,40.8601041920001,-73.868537034,E,N.Y. POLICE DEPT,2010-01-12:00:00 AMow,571988,3862a315,1020615,252661
2010-01-01T20:35:00,ROBBERY,BRONX,49,40.8643686350001,-73.8654410779999,H,N.Y. POLICE DEPT,2010-01-12:00:00 AMow,571989,72d2bbb4,1021469,254216
2010-01-01T20:45:00,GRAND LARCENY,BROOKLYN,76,40.6810683570001,-73.996529417,F,N.Y. POLICE DEPT,2010-01-12:00:00 AMow,571990,17585686,985213,187405
2010-01-01T20:45:00,FELONY ASSAULT,BRONX,40,40.8126740060001,-73.9063314109999,B,N.Y. POLICE DEPT,2010-01-12:00:00 AMow,571991,34ffac81,1010179,235367
2010-01-01T20:45:00,GRAND LARCENY,MANHATTAN,34,40.8521783150001,-73.928878534,A,N.Y. POLICE DEPT,2010-01-12:00:00 AMow,571992,82ef23d,1003926,249754
2010-01-01T20:50:00,GRAND LARCENY,QUEENS,115,40.756860977,-73.875656664,D,PORT AUTHORITY,2010-01-12:00:00 AMow,571993,149daa7d,1018699,215043
2010-01-01T21:00:00,GRAND LARCENY OF MOTOR VEHICLE,QUEENS,105,40.6654760540001,-73.7728005239999,A,N.Y. POLICE DEPT,2010-01-12:00:00 AMow,571994,196875e8,1047281,181806
2010-01-01T21:00:00,ROBBERY,QUEENS,106,40.6863682100001,-73.810026966,G,N.Y. POLICE DEPT,2010-01-12:00:00 AMow,571995,486a9c99,1036937,189393
2010-01-01T21:00:00,RAPE,BRONX,48,40.843901255,-73.900504632,B,N.Y. POLICE DEPT,2012-02-12:00:00 AMow,571996,b997f18f,1011779,246746
2010-01-01T21:10:00,FELONY ASSAULT,QUEENS,109,40.786827133,-73.845396955,Q,N.Y. POLICE DEPT,2010-01-12:00:00 AMow,571997,69b2b44f,1027063,225974
2010-01-01T21:15:00,FELONY ASSAULT,BROOKLYN,90,40.701645727,-73.9380122009999,G,N.Y. HOUSING POLICE,2010-01-12:00:00 AMow,571998,e0e0b5ce,1001438,194908
2010-01-01T21:45:00,ROBBERY,BROOKLYN,62,40.596148601,-73.980823346,B,N.Y. POLICE DEPT,2010-01-12:00:00 AMow,571999,364cb2b0,989576,156467
2010-01-01T22:00:00,GRAND LARCENY OF MOTOR VEHICLE,BROOKLYN,68,40.6304308000001,-74.0207889819999,F,N.Y. POLICE DEPT,2010-01-12:00:00 AMow,572000,ca5a8659,978480,168957
2010-01-01T22:00:00,BURGLARY,BROOKLYN,71,40.659218138,-73.935085327,I,N.Y. POLICE DEPT,2010-01-12:00:00 AMow,572300,a64e5dc6,1002261,179451
2010-01-01T22:00:00,BURGLARY,MANHATTAN,14,40.7547373200001,-73.989757926,G,N.Y. POLICE DEPT,2010-01-12:00:00 AMow,572301,d39bfedb,987088,214245
2010-01-01T22:00:00,ROBBERY,MANHATTAN,23,40.7974582740001,-73.946703111,I,N.Y. POLICE DEPT,2010-01-12:00:00 AMow,572302,3288e7db,999007,229814
2010-01-01T22:00:00,GRAND LARCENY,MANHATTAN,26,40.818881074,-73.9471953729999,F,N.Y. POLICE DEPT,2010-01-12:00:00 AMow,572303,7ebf6229,998866,237619
2010-01-01T22:00:00,GRAND LARCENY OF MOTOR VEHICLE,BRONX,41,40.82526331,-73.8871273629999,H,N.Y. POLICE DEPT,2010-01-12:00:00 AMow,572304,3955194e,1015489,239960
2010-01-01T22:10:00,ROBBERY,MANHATTAN,34,40.85277753,-73.930302099,A,N.Y. POLICE DEPT,2010-01-12:00:00 AMow,572305,4f8e88ed,1003532,249972
2010-01-01T22:30:00,ROBBERY,BROOKLYN,77,40.675245847,-73.971052377,B,N.Y. POLICE DEPT,2010-01-12:00:00 AMow,572306,a5c25d28,992280,185285
2010-01-01T22:30:00,GRAND LARCENY,MANHATTAN,14,40.754849215,-73.9841199909999,E,N.Y. POLICE DEPT,2010-01-12:00:00 AMow,572307,6f82101,988650,214286
2010-01-01T22:45:00,GRAND LARCENY,STATEN ISLAND,123,40.5186576780001,-74.2306057659999,B,N.Y. POLICE DEPT,2010-01-12:00:00 AMow,572308,698a4cf0,920134,128319
2010-01-01T22:49:00,GRAND LARCENY OF MOTOR VEHICLE,BROOKLYN,94,40.7298796950001,-73.946147394,E,N.Y. POLICE DEPT,2010-01-12:00:00 AMow,572309,ac6de782,999176,205193
2010-01-01T22:50:00,BURGLARY,STATEN ISLAND,120,40.6347140400001,-74.107138031,J,N.Y. POLICE DEPT,2010-01-12:00:00 AMow,572310,b0b0e98b,954514,170535
2010-01-01T23:00:00,GRAND LARCENY,BROOKLYN,61,40.590601727,-73.969764067,G,N.Y. POLICE DEPT,2010-01-12:00:00 AMow,572311,afaed4b1,992648,154447
2010-01-01T23:00:00,BURGLARY,BRONX,46,40.849040238,-73.9048127,B,N.Y. POLICE DEPT,2010-01-12:00:00 AMow,572312,ed760a0,1010585,248617
2010-01-01T23:00:00,BURGLARY,BRONX,52,40.864343977,-73.9039375689999,C,N.Y. POLICE DEPT,2010-01-12:00:00 AMow,572313,1b772a28,1010821,254193
2010-01-01T23:15:00,ROBBERY,BROOKLYN,71,40.6623216990001,-73.9386542839999,I,N.Y. POLICE DEPT,2010-01-12:00:00 AMow,572314,391bfaaf,1001270,180581
2010-01-01T23:19:00,GRAND LARCENY,MANHATTAN,9,40.7316512670001,-73.990302699,D,N.Y. POLICE DEPT,2010-01-12:00:00 AMow,572315,f740f265,986938,205834
2010-01-01T23:20:00,GRAND LARCENY OF MOTOR VEHICLE,BRONX,48,40.840546164,-73.874137746,E,N.Y. POLICE DEPT,2010-01-12:00:00 AMow,572316,b424ddde,1019076,245533
2010-01-01T23:30:00,BURGLARY,QUEENS,101,40.607159541,-73.7616796249999,,N.Y. POLICE DEPT,2010-01-12:00:00 AMow,572317,e0bd421e,1050424,160568
2010-01-01T23:30:00,RAPE,QUEENS,103,40.707047475,-73.792611904,H,N.Y. HOUSING POLICE,2011-03-12:00:00 AMow,572318,ac335f09,1041749,196938
2010-01-01T23:30:00,ROBBERY,QUEENS,105,40.710639787,-73.7408469,I,N.Y. POLICE DEPT,2010-01-12:00:00 AMow,572319,2ddcdb56,1056097,198285
2010-01-01T23:30:00,FELONY ASSAULT,BRONX,41,40.8248849720001,-73.899459937,I,N.Y. POLICE DEPT,2010-01-12:00:00 AMow,572627,bfc16be0,1012076,239818
2010-01-01T23:50:00,FELONY ASSAULT,BROOKLYN,79,40.6846508240001,-73.957768786,N,N.Y. POLICE DEPT,2010-01-12:00:00 AMow,572628,3f54f95e,995963,188713
2010-01-01T23:50:00,ROBBERY,MANHATTAN,14,40.7497336380001,-73.989675685,C,N.Y. POLICE DEPT,2010-01-12:00:00 AMow,572629,c31a3d6a,987111,212422
2010-01-02T00:01:00,BURGLARY,BROOKLYN,67,40.6371956510001,-73.933200732,F,N.Y. POLICE DEPT,2010-01-12:00:00 AMow,459396,f53bc2e2,1002790,171428
2010-01-02T00:01:00,GRAND LARCENY,BROOKLYN,67,40.6513090330001,-73.94863258,A,N.Y. POLICE DEPT,2010-01-12:00:00 AMow,459397,f3db2a14,998504,176567
2010-01-02T00:01:00,GRAND LARCENY,BROOKLYN,71,40.66222879,-73.934429999,I,N.Y. POLICE DEPT,2010-01-12:00:00 AMow,459398,862b44ce,1002442,180548
2010-01-02T00:01:00,GRAND LARCENY,BROOKLYN,75,40.6843539010001,-73.8718401149999,,N.Y. POLICE DEPT,2015-02-12:00:00 AMow,459399,6d79e573,1019795,188628
2010-01-02T00:01:00,GRAND LARCENY,MANHATTAN,19,40.7749382590001,-73.947854835,J,N.Y. POLICE DEPT,2010-10-12:00:00 AMow,459400,86b62e35,998693,221609
2010-01-02T00:08:00,ROBBERY,MANHATTAN,14,40.7566420420001,-73.988371577,H,N.Y. POLICE DEPT,2010-01-12:00:00 AMow,459401,41585bd1,987472,214939
2010-01-02T00:50:00,FELONY ASSAULT,BRONX,46,40.8493736410001,-73.91342209,I,N.Y. POLICE DEPT,2010-01-12:00:00 AMow,459402,33b74910,1008203,248736
2010-01-02T01:00:00,RAPE,QUEENS,110,40.7452527410001,-73.87006287,G,N.Y. POLICE DEPT,2010-01-12:00:00 AMow,459702,3c02a31f,1020255,210816
2010-01-02T01:00:00,GRAND LARCENY,MANHATTAN,13,40.737702531,-73.982514688,C,N.Y. POLICE DEPT,2010-01-12:00:00 AMow,459703,e723bbf2,989096,208039
2010-01-02T01:00:00,GRAND LARCENY OF MOTOR VEHICLE,BRONX,44,40.8420066560001,-73.90959706,Q,N.Y. POLICE DEPT,2010-01-12:00:00 AMow,459704,835e66a9,1009264,246053
2010-01-02T01:00:00,GRAND LARCENY,BRONX,46,40.8518505170001,-73.901190376,B,N.Y. POLICE DEPT,2010-01-12:00:00 AMow,459705,2eb279a8,1011586,249642
2010-01-02T01:10:00,GRAND LARCENY,BROOKLYN,78,40.6781738270001,-73.9808610539999,C,N.Y. POLICE DEPT,2010-01-12:00:00 AMow,459706,582b4d38,989559,186351
2010-01-02T01:15:00,FELONY ASSAULT,MANHATTAN,28,40.8066596400001,-73.9556432429999,H,N.Y. POLICE DEPT,2010-01-12:00:00 AMow,459707,2bb1f085,996530,233165
2010-01-02T01:50:00,GRAND LARCENY,BROOKLYN,75,40.683657114,-73.872187589,C,N.Y. POLICE DEPT,2010-01-12:00:00 AMow,459708,90035cea,1019699,188374
2010-01-02T02:00:00,ROBBERY,STATEN ISLAND,120,40.6417382600001,-74.075678037,E,N.Y. POLICE DEPT,2010-01-12:00:00 AMow,459709,290359b,963248,173085
2010-01-02T02:00:00,GRAND LARCENY,QUEENS,113,40.684743849,-73.7959191319999,K,N.Y. POLICE DEPT,2010-01-12:00:00 AMow,459710,53dc3f0b,1040851,188810
2010-01-02T02:00:00,BURGLARY,QUEENS,109,40.7728894250001,-73.805581247,P,N.Y. POLICE DEPT,2010-01-12:00:00 AMow,459711,60663341,1038100,220918
2010-01-02T02:15:00,BURGLARY,BROOKLYN,61,40.599341714,-73.962320409,J,N.Y. POLICE DEPT,2010-01-12:00:00 AMow,459712,9b1a7a0f,994714,157632
2010-01-02T02:20:00,ROBBERY,QUEENS,103,40.6945535240001,-73.80211335,F,N.Y. POLICE DEPT,2010-01-12:00:00 AMow,459713,c5691115,1039125,192380
2010-01-02T02:30:00,GRAND LARCENY,MANHATTAN,6,40.740547104,-74.008546725,I,N.Y. POLICE DEPT,2010-01-12:00:00 AMow,459714,2e081e02,981882,209075
2010-01-02T02:30:00,GRAND LARCENY,MANHATTAN,18,40.7582282560001,-73.986122517,F,N.Y. POLICE DEPT,2010-01-12:00:00 AMow,459715,2c87aace,988095,215517
2010-01-02T02:34:00,ROBBERY,BROOKLYN,79,40.6886635870001,-73.939170927,C,N.Y. POLICE DEPT,2010-01-12:00:00 AMow,459716,4594aa3e,1001120,190178
2010-01-02T02:50:00,BURGLARY,BROOKLYN,61,40.6153559570001,-73.944687371,K,N.Y. POLICE DEPT,2010-01-12:00:00 AMow,459717,194aedde,999607,163469
2010-01-02T03:00:00,BURGLARY,QUEENS,113,40.679700408,-73.776047368,,PORT AUTHORITY,2010-01-12:00:00 AMow,459718,cebf6481,1046367,186986
2010-01-02T03:00:00,GRAND LARCENY,BROOKLYN,66,40.625211092,-73.9706670039999,C,N.Y. POLICE DEPT,2010-01-12:00:00 AMow,459719,9b169198,992393,167056
2010-01-02T03:00:00,GRAND LARCENY,BROOKLYN,67,40.658396974,-73.92961134,I,N.Y. POLICE DEPT,2010-01-12:00:00 AMow,459720,92fea13a,1003780,179153
2010-01-02T03:00:00,RAPE,BROOKLYN,77,40.6745833080001,-73.930221541,H,N.Y. POLICE DEPT,2010-01-12:00:00 AMow,459721,53fea73d,1003606,185050
2010-01-02T03:00:00,ROBBERY,BRONX,42,40.8296055320001,-73.902242411,G,N.Y. POLICE DEPT,2010-01-12:00:00 AMow,460023,1b432451,1011304,241537
2010-01-02T03:00:00,ROBBERY,BRONX,42,40.8343306080001,-73.9006924029999,C,N.Y. POLICE DEPT,2010-01-12:00:00 AMow,460024,1297a35f,1011731,243259
2010-01-02T03:05:00,FELONY ASSAULT,BROOKLYN,81,40.6896482110001,-73.924054122,E,N.Y. POLICE DEPT,2010-01-12:00:00 AMow,460025,784372ca,1005312,190540
2010-01-02T03:15:00,ROBBERY,MANHATTAN,28,40.8050407000001,-73.9568218809999,G,N.Y. POLICE DEPT,2010-01-12:00:00 AMow,460026,99912c95,996204,232575
2010-01-02T03:30:00,MURDER & NON-NEGL. MANSLAUGHTE,MANHATTAN,26,40.814120818,-73.9583766499999,D,N.Y. HOUSING POLICE,2010-01-12:00:00 AMow,1699,1149e64e,995772,235883
2010-01-02T04:00:00,ROBBERY,BROOKLYN,88,40.684127039,-73.9590599209999,A,N.Y. POLICE DEPT,2010-01-12:00:00 AMow,460027,859a3ee1,995605,188522
2010-01-02T04:00:00,BURGLARY,BROOKLYN,90,40.7073029090001,-73.964441533,C,N.Y. POLICE DEPT,2010-01-12:00:00 AMow,460028,ad2814c5,994109,196965
2010-01-02T04:04:00,BURGLARY,MANHATTAN,19,40.784886842,-73.951656702,E,N.Y. POLICE DEPT,2010-01-12:00:00 AMow,460029,f5814208,997638,225233
2010-01-02T04:10:00,FELONY ASSAULT,BRONX,47,40.887451313,-73.847607787,C,N.Y. POLICE DEPT,2011-01-12:00:00 AMow,460030,840fbd0b,1026387,262634
2010-01-02T04:20:00,GRAND LARCENY,BROOKLYN,71,40.663630486,-73.955529289,B,N.Y. POLICE DEPT,2010-01-12:00:00 AMow,460031,17d2dd03,996588,181055
2010-01-02T04:20:00,GRAND LARCENY,MANHATTAN,9,40.7229824400001,-73.9827458349999,C,N.Y. POLICE DEPT,2010-01-12:00:00 AMow,460032,751065b4,989033,202676
2010-01-02T04:20:00,BURGLARY,MANHATTAN,10,40.742833788,-73.998428024,A,N.Y. POLICE DEPT,2010-01-12:00:00 AMow,460033,8b417b33,984686,209908
2010-01-02T04:20:00,ROBBERY,QUEENS,114,40.762358245,-73.9261876529999,J,N.Y. POLICE DEPT,2010-01-12:00:00 AMow,460034,77f748f9,1004698,217030
2010-01-02T05:00:00,ROBBERY,BROOKLYN,83,40.6828089370001,-73.906376812,A,N.Y. POLICE DEPT,2010-01-12:00:00 AMow,460035,239397de,1010217,188053
2010-01-02T05:00:00,GRAND LARCENY,QUEENS,102,40.6992220770001,-73.853238496,H,N.Y. POLICE DEPT,2010-01-12:00:00 AMow,460036,3abddba2,1024945,194053
2010-01-02T05:30:00,BURGLARY,BROOKLYN,75,40.6727840500001,-73.866472894,I,N.Y. POLICE DEPT,2010-01-12:00:00 AMow,460037,ad63755a,1021290,184415
2010-01-02T05:30:00,ROBBERY,QUEENS,107,40.736929939,-73.808572939,F,N.Y. POLICE DEPT,2010-01-12:00:00 AMow,460038,4b6c17f2,1037300,207815
2010-01-02T06:00:00,GRAND LARCENY OF MOTOR VEHICLE,BROOKLYN,70,40.639444278,-73.965983819,H,N.Y. POLICE DEPT,2010-01-12:00:00 AMow,460039,f895256f,993691,172242
2010-01-02T06:00:00,GRAND LARCENY OF MOTOR VEHICLE,MANHATTAN,23,40.788077027,-73.947234248,B,N.Y. POLICE DEPT,2010-01-12:00:00 AMow,460040,c4b41dce,998862,226396
2010-01-02T06:10:00,ROBBERY,QUEENS,101,40.6029515910001,-73.749976261,,N.Y. POLICE DEPT,2010-01-12:00:00 AMow,460041,dddd6bae,1053678,159044
2010-01-02T06:30:00,FELONY ASSAULT,BROOKLYN,79,40.693341966,-73.9473524909999,E,N.Y. POLICE DEPT,2010-01-12:00:00 AMow,460042,de83883a,998850,191881
2010-01-02T06:50:00,ROBBERY,BROOKLYN,67,40.664673007,-73.923314788,N,N.Y. POLICE DEPT,2010-01-12:00:00 AMow,460345,cbe7b787,1005525,181441
2010-01-02T06:55:00,GRAND LARCENY,MANHATTAN,6,40.7397596500001,-74.002523863,G,N.Y. TRANSIT POLICE,2010-01-12:00:00 AMow,460346,69a864d2,983551,208788
2010-01-02T07:00:00,GRAND LARCENY,MANHATTAN,1,40.7063277980001,-74.0128813119999,C,N.Y. POLICE DEPT,2010-01-12:00:00 AMow,460347,d17819f6,980679,196608
2010-01-02T07:30:00,FELONY ASSAULT,MANHATTAN,30,40.8288510450001,-73.943834191,G,N.Y. POLICE DEPT,2010-01-12:00:00 AMow,460348,8b3b96ab,999794,241252
2010-01-02T08:00:00,BURGLARY,BROOKLYN,90,40.707504912,-73.92712125,K,N.Y. POLICE DEPT,2010-01-12:00:00 AMow,460349,f4310278,1004456,197045
2010-01-02T08:00:00,BURGLARY,BROOKLYN,90,40.707504912,-73.92712125,K,N.Y. POLICE DEPT,2010-02-12:00:00 AMow,460350,5277a1d5,1004456,197045
2010-01-02T08:00:00,BURGLARY,QUEENS,107,40.713871462,-73.789852797,C,N.Y. POLICE DEPT,2010-01-12:00:00 AMow,460351,da13ee2d,1042508,199426
2010-01-02T08:10:00,BURGLARY,BRONX,52,40.8675033910001,-73.8948001539999,F,N.Y. POLICE DEPT,2010-01-12:00:00 AMow,460352,5503d7f6,1013347,255347
2010-01-02T08:30:00,GRAND LARCENY OF MOTOR VEHICLE,BROOKLYN,77,40.673031404,-73.955670826,D,N.Y. POLICE DEPT,2010-01-12:00:00 AMow,460353,4d553a3a,996547,184480
2010-01-02T09:00:00,GRAND LARCENY,BROOKLYN,66,40.629617431,-73.9967374409999,D,N.Y. POLICE DEPT,2010-07-12:00:00 AMow,460354,283afd3c,985156,168660
2010-01-02T09:00:00,GRAND LARCENY,QUEENS,106,40.649432458,-73.841347614,B,N.Y. POLICE DEPT,2010-01-12:00:00 AMow,460355,966d58bc,1028275,175919
2010-01-02T09:00:00,BURGLARY,BROOKLYN,88,40.688490055,-73.973880811,H,N.Y. POLICE DEPT,2010-01-12:00:00 AMow,460356,65418fa1,991494,190110
2010-01-02T09:00:00,BURGLARY,MANHATTAN,1,40.7197911220001,-74.010239599,G,N.Y. POLICE DEPT,2010-01-12:00:00 AMow,460357,f10ff194,981412,201513
2010-01-02T09:00:00,GRAND LARCENY,MANHATTAN,24,40.789862268,-73.9751483429999,A,N.Y. POLICE DEPT,2010-01-12:00:00 AMow,460358,a0d3383e,991132,227043
2010-01-02T09:15:00,GRAND LARCENY,MANHATTAN,10,40.744107281,-73.995645579,B,N.Y. POLICE DEPT,2010-01-12:00:00 AMow,460359,5ea4c4fb,985457,210372
2010-01-02T09:30:00,FELONY ASSAULT,QUEENS,101,40.5964629310001,-73.7724664089999,F,N.Y. HOUSING POLICE,2010-01-12:00:00 AMow,460360,5f8dfc7f,1047439,156663
2010-01-02T09:30:00,GRAND LARCENY,BROOKLYN,77,40.6728618010001,-73.957181428,D,N.Y. POLICE DEPT,2010-05-12:00:00 AMow,460361,d1918a8,996128,184418
2010-01-02T09:40:00,GRAND LARCENY,MANHATTAN,7,40.7187507470001,-73.988572991,C,N.Y. POLICE DEPT,2010-01-12:00:00 AMow,460362,954692a2,987418,201134
2010-01-02T09:50:00,GRAND LARCENY,BROOKLYN,67,40.65479551,-73.9499994189999,A,N.Y. POLICE DEPT,2010-01-12:00:00 AMow,460363,59a2729f,998124,177837
2010-01-02T10:00:00,GRAND LARCENY,BROOKLYN,60,40.5732333730001,-73.989537377,F,N.Y. POLICE DEPT,2010-01-12:00:00 AMow,460364,63306900,987157,148118
2010-01-02T10:00:00,GRAND LARCENY,QUEENS,112,40.71874123,-73.845691973,A,N.Y. POLICE DEPT,2010-01-12:00:00 AMow,460664,81fbeed7,1027025,201168
2010-01-02T10:00:00,GRAND LARCENY,QUEENS,105,40.721078864,-73.732750516,K,N.Y. POLICE DEPT,2011-01-12:00:00 AMow,460665,9962a426,1058330,202095
2010-01-02T10:00:00,GRAND LARCENY,MANHATTAN,6,40.7387631770001,-74.0059772079999,I,N.Y. POLICE DEPT,2010-01-12:00:00 AMow,460666,44dd1fab,982594,208425
2010-01-02T10:17:00,ROBBERY,QUEENS,108,40.740280753,-73.895852665,K,N.Y. POLICE DEPT,2010-01-12:00:00 AMow,460667,e5f4ca84,1013111,208995
2010-01-02T10:20:00,GRAND LARCENY,MANHATTAN,14,40.750664208,-73.990866575,F,N.Y. POLICE DEPT,2010-01-12:00:00 AMow,460668,4c4839a0,986781,212761
2010-01-02T10:30:00,ROBBERY,MANHATTAN,20,40.7864319440001,-73.9780674199999,H,N.Y. POLICE DEPT,2010-01-12:00:00 AMow,460669,307da3de,990324,225793
2010-01-02T10:35:00,FELONY ASSAULT,QUEENS,110,40.748011101,-73.865185265,G,N.Y. POLICE DEPT,2010-01-12:00:00 AMow,460670,aa838378,1021605,211823
2010-01-02T11:00:00,FELONY ASSAULT,STATEN ISLAND,120,40.644726131,-74.0774831589999,,N.Y. POLICE DEPT,2010-01-12:00:00 AMow,460671,51e1f8fd,962748,174174
2010-01-02T11:00:00,GRAND LARCENY,QUEENS,101,40.5893736350001,-73.7870725459999,G,N.Y. POLICE DEPT,2010-01-12:00:00 AMow,460672,d517ddee,1043389,154070
2010-01-02T11:00:00,BURGLARY,BROOKLYN,62,40.6137961050001,-73.990499904,F,N.Y. POLICE DEPT,2010-01-12:00:00 AMow,460673,87d03275,986888,162896
2010-01-02T11:00:00,GRAND LARCENY,QUEENS,108,40.7473820700001,-73.916903803,F,N.Y. POLICE DEPT,2010-01-12:00:00 AMow,460674,8231a95c,1007275,211576
2010-01-02T11:00:00,GRAND LARCENY OF MOTOR VEHICLE,QUEENS,109,40.758749187,-73.814328975,G,N.Y. POLICE DEPT,2010-01-12:00:00 AMow,460675,ccff833c,1035688,215761
2010-01-02T11:00:00,GRAND LARCENY,BRONX,48,40.8454188430001,-73.891126766,D,N.Y. POLICE DEPT,2010-01-12:00:00 AMow,460676,c3f4eccf,1014373,247302
2010-01-02T11:30:00,GRAND LARCENY,BROOKLYN,61,40.6089237530001,-73.962174542,K,N.Y. POLICE DEPT,2010-01-12:00:00 AMow,460677,d56e87d1,994753,161123
2010-01-02T11:30:00,GRAND LARCENY,BROOKLYN,62,40.6126116410001,-73.9793779249999,A,N.Y. POLICE DEPT,2010-01-12:00:00 AMow,460678,b90c4710,989976,162465
2010-01-02T11:30:00,GRAND LARCENY OF MOTOR VEHICLE,BROOKLYN,69,40.6416767850001,-73.886320885,F,N.Y. POLICE DEPT,2010-01-12:00:00 AMow,460679,e0ed9334,1015799,173074
2010-01-02T11:30:00,GRAND LARCENY,MANHATTAN,13,40.7416684730001,-73.981088208,D,N.Y. POLICE DEPT,2010-01-12:00:00 AMow,460680,65732c23,989491,209484
2010-01-02T11:31:00,ROBBERY,BROOKLYN,83,40.7006213450001,-73.9193495809999,I,N.Y. POLICE DEPT,2010-01-12:00:00 AMow,460681,6433ed0e,1006613,194539
2010-01-02T11:45:00,GRAND LARCENY,BROOKLYN,75,40.664069312,-73.8986822479999,F,N.Y. POLICE DEPT,2010-01-12:00:00 AMow,460682,e46f312e,1012359,181228
2010-01-02T11:45:00,ROBBERY,BRONX,48,40.8498609070001,-73.892326765,B,N.Y. POLICE DEPT,2010-01-12:00:00 AMow,460683,56550b86,1014039,248920
